Part ID,Part #,Description
ACB-1,001-0051,Jack Box - Stereo Headphone
ACB-2,001-0052,Jack Box - Dual Phono Jacks
ACM-3,001-9196,Amplitude Component Monitor
AMS-1/4F,001-3180,"1/4"" Stereo Headphone Jack - Terminal block connections"
AMS-1/8F,001-3185,"1/8"" Stereo Mini-Jack - Terminal block connections"
AMS-10K,001-3173,10K Linear Taper Pot & Knob Assembly - Terminal block connections
AMS-10KA,001-3174,10K Audio Taper Pot & Knob Assembly - Terminal block connections
AMS-1RC,001-3161,Single RCA Jack Assy - Terminal block connections
AMS-BNC,001-3165,BNC Jack  Assembly
AMS-FP1,001-3175,Filler Plate
AMS-HR6,001-3280,Mounting panel for 6 AMS Accessories
AMS-LEDB,001-3182,LED Indicator - Blue - Terminal block connections
AMS-LEDG,001-3181,LED Indicator - Green - Terminal block connections
AMS-LEDR,001-3171,LED Indicator - Red - Terminal block connections
AMS-LEDY,001-3183,LED Indicator - Yellow - Terminal block connections
AMS-PB1,001-3169,Momentary DPDT Pushbutton - Terminal block connections
AMS-PJ1,001-3177,Power Jack Assy for 24 V power supplies - Terminal block connections
AMS-RU4,001-3575,Mounting panel for 4 AMS Accessories
AMS-SW2,001-3167,Rocker Switch DPDT - Terminal block connections
AMS-TS1,001-3587,Illuminated Touch-Activated Pushbutton
AMS-XLF,001-3157,XLR 3-Pin Female Jack - Terminal block connections
AMS-XLM,001-3159,XLR 3-Pin Male Jack - Terminal block connections
AMS-XLRMA,001-3585,Selectable Mic/Line XLR Output with Phantom Block
AV-AC2,001-4026,Cable Kit for AV-HK1 - dual phono to mini-plug; dual phono to mini-jack
AV-DC4,001-4030,Line-Level Audio Divider/Combiner
AV-HK1,001-4025,“HUM KILLER” Stereo Audio Isolation Module
AV-HK1X,001-4040,“HUM KILLER” Audio Isolation Module
AV-LN4,001-7585,Line Level Audio to Network Interface - Dante
AV-NH1,001-4045,Network to Stereo Headphone Amplifier - Dante
AV-NL2,001-4050,Network to Audio Interface - Dante
AV-NL4,001-7580,Network to Audio Interface - Dante
AV-XMN4,001-4055,Microphone to Network Interface - Dante
CP-1,001-0106,Single Cover Plate - white
CP-1B,001-0150,Single Cover Plate - black
CP-1G,001-0144,Single Cover Plate - gray
CP-1S,001-0170,Single Cover Plate - stainless steel
CP-2,001-0107,Double Cover Plate - white
CP-2B,001-0151,Double Cover Plate - black
CP-2G,001-0145,Double Cover Plate - gray
CP-2S,001-0171,Double Cover Plate - stainless steel
CP-3,001-0172,Triple Cover Plate - white
CP-3B,001-0176,Triple Cover Plate - black
CP-3G,001-0173,Triple Cover Plate - gray
CP-3S,001-0174,Triple Cover Plate - stainless steel
CP-4,001-0177,Quad Cover Plate - white
CP-4B,001-0181,Quad Cover Plate - black
CP-4G,001-0178,Quad Cover Plate - gray
CP-4S,001-0179,Quad Cover Plate - stainless steel
D-1/4F,001-0142,1/4 in. Phone Jack on D Plate - Terminal block connections
D-1/4FC,002-0142,1/4 in. Phone Jack on D Plate - Terminal block connections (Custom Labeled) (See Part # ZCST-LBL for setup charge)
D-A2,001-5495,"Line Output Assembly - RCA jacks, Terminal block"
D-A2C,002-5495,"Line Output Assembly - RCA jacks, Terminal block (Custom Labeled) (See Part # ZCST-LBL for setup charge)"
D-AVM4,001-5370,"Audio/Video Decora® Jack Panel - DB15, RCA, Mini"
D-AVM4C,002-5370,"Audio/Video Decora® Jack Panel - DB15, RCA, Mini (Custom Labeled) (See Part # ZCST-LBL for setup charge)"
DB-1/4F,001-0182,1/4 in. Phone Jack on D Plate - Terminal block connections - Black
DB-1/4FC,002-0182,1/4 in. Phone Jack on D Plate - Terminal block connections - Black (Custom Labeled) (See Part # ZCST-LBL for setup charge)
DB-A2,001-5498,"Line Output Assembly - RCA jacks, Terminal block - Black"
DB-A2C,002-5498,"Line Output Assembly - RCA jacks, Terminal block - Black (Custom Labeled) (See Part # ZCST-LBL for setup charge)"
DB-BLANK,001-0194,D Style Plate with No Jack Cut Out - Black
DB-BLANKC,002-0194,D Style Plate with No Jack Cut Out - Black (Custom Labeled) (See Part # ZCST-LBL for setup charge)
DB-BNC,001-0183,BNC Jack on D Plate - Solder type - Black
DB-BNC/D,001-0184,Insulated Double BNC Jack on D Plate - Black
DB-BNC/DC,002-0184,Insulated Double BNC Jack on D Plate - Black (Custom Labeled) (See Part # ZCST-LBL for setup charge)
DB-BNCC,002-0183,BNC Jack on D Plate - Solder type - Black (Custom Labeled) (See Part # ZCST-LBL for setup charge)
DB-BT1A,001-7601,Wall-Mounted Bluetooth® Audio Format-A Interface - Black
DB-BT1AC,002-7601,Wall-Mounted Bluetooth® Audio Format-A Interface - Black (Custom Labeled) (See Part # ZCST-LBL for setup charge)
DB-BTN21,001-7701,Wall-Mounted Bluetooth®  Dante Interface - Black
DB-BTN21C,002-7701,Wall-Mounted Bluetooth®  Dante Interface - Black (Custom Labeled) (See Part # ZCST-LBL for setup charge)
DB-CIJ3,001-5362,Consumer Input Jacks – Mono - Black
DB-CIJ3C,002-5362,Consumer Input Jacks – Mono - Black (Custom Labeled) (See Part # ZCST-LBL for setup charge)
DB-CIJ3D,001-5368,Consumer Input Jacks – Stereo - Black
DB-CIJ3DC,002-5368,Consumer Input Jacks – Stereo - Black (Custom Labeled) (See Part # ZCST-LBL for setup charge)
DB-D1,001-5453,Single plate for standard and specialty connectors - Black
DB-D1C,002-5453,Single plate for standard and specialty connectors - Black (Custom Labeled) (See Part # ZCST-LBL for setup charge)
DB-D1T,001-5734,Single plate for standard and specialty connectors - Top Hole Position - Black
DB-D1TC,002-5734,Single plate for standard and specialty connectors - Top Hole Position - Black (Custom Labeled) (See Part # ZCST-LBL for setup charge)
DB-D2,001-5458,Double plate for standard and specialty connectors - Black
DB-D2C,002-5458,Double plate for standard and specialty connectors - Black (Custom Labeled) (See Part # ZCST-LBL for setup charge)
DB-F,001-0185,Double Type F Jack on D Plate - Black
DB-FC,002-0185,Double Type F Jack on D Plate - Black (Custom Labeled) (See Part # ZCST-LBL for setup charge)
DB-HA1A,001-5597,Format-A Stereo Headphone Amplifier - Black (Compatible with Guest Room Audio System)
DB-HA1AC,002-5597,Format-A Stereo Headphone Amplifier - Black (Compatible with Guest Room Audio System) (Custom Labeled) (See Part # ZCST-LBL for setup charge)
DB-HPA3,001-5622,3.5 Watt Audio Power and Headphone Amplifier - Black
DB-HPA3C,002-5622,3.5 Watt Audio Power and Headphone Amplifier - Black (Custom Labeled) (See Part # ZCST-LBL for setup charge)
DB-J1,001-5468,"Microphone Input Assembly - XLR, Terminal block - Black"
DB-J1C,002-5468,"Microphone Input Assembly - XLR, Terminal block - Black (Custom Labeled) (See Part # ZCST-LBL for setup charge)"
DB-J2,001-5478,"Line Input Assembly - RCA jacks, Terminal block - Black"
DB-J2C,002-5478,"Line Input Assembly - RCA jacks, Terminal block - Black (Custom Labeled) (See Part # ZCST-LBL for setup charge)"
DB-J3,001-5488,"Mic/Line Input Assembly - XLR, RCA, Terminal block - Black"
DB-J3C,002-5488,"Mic/Line Input Assembly - XLR, RCA, Terminal block - Black (Custom Labeled) (See Part # ZCST-LBL for setup charge)"
DB-J3M,001-5487,"Mic/Line Input Assembly - XLR, Mini-jack, Terminal block - Black"
DB-J3MC,002-5487,"Mic/Line Input Assembly - XLR, Mini-jack, Terminal block - Black (Custom Labeled) (See Part # ZCST-LBL for setup charge)"
D-BLANK,001-0134,D Style Plate with No Jack Cut Out
D-BLANKC,002-0134,D Style Plate with No Jack Cut Out (Custom Labeled) (See Part # ZCST-LBL for setup charge)
DB-MJPT,001-5463,Mini-Jack Pass-Through Plate
DB-MJPTC,002-5463,Mini-Jack Pass-Through Plate (Custom Labeled) (See Part # ZCST-LBL for setup charge)
D-BNC,001-0137,BNC Jack on D Plate - Solder type
D-BNC/D,001-0138,Insulated Double BNC Jack on D Plate
D-BNC/DC,002-0138,Insulated Double BNC Jack on D Plate (Custom Labeled) (See Part # ZCST-LBL for setup charge)
D-BNCC,002-0137,BNC Jack on D Plate - Solder type (Custom Labeled) (See Part # ZCST-LBL for setup charge)
DB-NLC1,001-7631,Network Remote Control with LEDs - Dante - Black
DB-NLC1R,001-7681,Network Remote Control with LEDs - Dante - Black
DB-NMC1,001-7636,Network Remote Control with Screen - Dante - Black
DB-NMC1R,001-7686,Network Remote Control with Screen - Dante - Black
DB-NVC2,001-7717,Dante/AES67 Level Control Two Channel with Screen - BLK
DB-PA3,001-5627,3.5 Watt Decora® Audio Amplifier - Black
DB-PA3C,002-5627,3.5 Watt Decora® Audio Amplifier - Black (Custom Labeled) (See Part # ZCST-LBL for setup charge)
DB-PHN1,001-0186,Single Phono Jack on D Plate - Solder type - Black
DB-PHN1C,002-0186,Single Phono Jack on D Plate - Solder type - Black (Custom Labeled) (See Part # ZCST-LBL for setup charge)
DB-PHN2,001-0187,Dual Phono Jacks on D Plate - Solder type - Black
DB-PHN2C,002-0187,Dual Phono Jacks on D Plate - Solder type - Black (Custom Labeled) (See Part # ZCST-LBL for setup charge)
DB-PSP1,001-5660,Decora-Style Active Loudspeaker - Black - User Level Adjust
DB-PSP1A,001-5670,Decora-Style Active Loudspeaker - Format-A - Black - User Level Adjust
DB-PSP1AF,001-5671,Decora-Style Active Loudspeaker - Format-A - Black - Installer Level Adjust
DB-PSP1F,001-5661,Decora-Style Active Loudspeaker - Black - Installer Level Adjust
DB-RC2,001-5403,Remote Audio Mixing Control - Black
DB-RC2C,002-5403,Remote Audio Mixing Control - Black (Custom Labeled) (See Part # ZCST-LBL for setup charge)
DB-RC2M,001-5413,Remote Audio Mixing Control with Muting - Black
DB-RC2MC,002-5413,Remote Audio Mixing Control with Muting - Black (Custom Labeled) (See Part # ZCST-LBL for setup charge)
DB-RC2ST,001-5567,2 Channel Remote Control for STICK-ONs - Black
DB-RC2STC,002-5567,2 Channel Remote Control for STICK-ONs - Black (Custom Labeled) (See Part # ZCST-LBL for setup charge)
DB-RC3,001-5423,Remote Audio Mixing Control - Black
DB-RC3C,002-5423,Remote Audio Mixing Control - Black (Custom Labeled) (See Part # ZCST-LBL for setup charge)
DB-RC3M,001-5433,Remote Audio Mixing Control with Muting - Black
DB-RC3MC,002-5433,Remote Audio Mixing Control with Muting - Black (Custom Labeled) (See Part # ZCST-LBL for setup charge)
DB-RC4M,001-5617,4 Channel Remote Control for RU-ASX4D and RU-ASX4DR - Black
DB-RC4MC,002-5617,4 Channel Remote Control for RU-ASX4D and RU-ASX4DR - Black (Custom Labeled) (See Part # ZCST-LBL for setup charge)
DB-RC4RU,001-5582,4 Channel Remote Control for RACK-Ups - Black
DB-RC4RUC,002-5582,4 Channel Remote Control for RACK-Ups - Black (Custom Labeled) (See Part # ZCST-LBL for setup charge)
DB-RC4ST,001-5572,4 Channel Remote Control for ST-SX4 - Black
DB-RC4STC,002-5572,4 Channel Remote Control for ST-SX4 - Black (Custom Labeled) (See Part # ZCST-LBL for setup charge)
DB-RCS4,001-5592,Remote Channel Selector - 4 Channels - controls RU-ASX4D/R - Black
DB-RCS4C,002-5592,Remote Channel Selector - 4 Channels - controls RU-ASX4D/R - Black (Custom Labeled) (See Part # ZCST-LBL for setup charge)
DB-RCX1,001-9310,Room Control for RCX-5C Room Combiner - Decora® Black
DB-RCX10R,001-9325,Rotary Level Control - Rotary Encoder - Decora® Black  Note: This product is active but Not Recommended for New Designs (NRND); available while supplies last.
DB-RCX10RC,002-9325,Rotary Level Control - Rotary Encoder - Decora® Black (Custom Labeled) (See Part # ZCST-LBL for setup charge)  Note: This product is active but Not Recommended for New Designs (NRND); available while supplies last.
DB-RCX1C,002-9310,Room Control for RCX-5C Room Combiner - Decora® Black (Custom Labeled) (See Part # ZCST-LBL for setup charge)
DB-RCX2,001-9318,Room Control for RCX-5C Room Combiner - Decora® Black
DB-RCX2C,002-9318,Room Control for RCX-5C Room Combiner - Decora® Black (Custom Labeled) (See Part # ZCST-LBL for setup charge)
DB-RLC10,001-5608,Remote Level Control - Rotary Optical Encoder - Black
DB-RLC10C,002-5608,Remote Level Control - Rotary Optical Encoder - Black (Custom Labeled) (See Part # ZCST-LBL for setup charge)
DB-RLC10K,001-5442,Remote Level Controller - 0 to 10 k Ohm - Black
DB-RLC10KC,002-5442,Remote Level Controller - 0 to 10 k Ohm - Black (Custom Labeled) (See Part # ZCST-LBL for setup charge)
DB-RLC10KM,001-5443,Remote Level Control with Muting - Black
DB-RLC10KMC,002-5443,Remote Level Control with Muting - Black (Custom Labeled) (See Part # ZCST-LBL for setup charge)
DB-RLC10M,001-5613,Remote Level Control with Muting - Rotary Optical Encoder - Black
DB-RLC10MC,002-5613,Remote Level Control with Muting - Rotary Optical Encoder - Black (Custom Labeled) (See Part # ZCST-LBL for setup charge)
DB-RLC2,001-5587,Remote Level Controller - Ramp - Black
DB-RLC2C,002-5587,Remote Level Controller - Ramp - Black (Custom Labeled) (See Part # ZCST-LBL for setup charge)
DB-RLC3,001-5562,Remote Level Controller - Preset Levels - Black
DB-RLC3C,002-5562,Remote Level Controller - Preset Levels - Black (Custom Labeled) (See Part # ZCST-LBL for setup charge)
DB-RN02,001-7696,Wall-Mounted Mic/Line Dante Interface 0 x 2 - Black
DB-RN02C,002-7696,Wall-Mounted Mic/Line Dante Interface 0 x 2 - Black (Custom Labeled) (See Part # ZCST-LBL for setup charge)
DB-RN12,001-7706,Wall-Mounted Bi-Directional Mic/Line Dante Interface 1 x 2 - Black
DB-RN12C,002-7706,Wall-Mounted Bi-Directional Mic/Line Dante Interface 1 x 2 - Black  (Custom Labeled) (See Part # ZCST-LBL for setup charge)
DB-RN22,001-7691,Wall-Mounted Bi-Directional Mic/Line Dante Interface 2 x 2 - Black
DB-RN22C,002-7691,Wall-Mounted Bi-Directional Mic/Line Dante Interface 2 x 2 - Black (Custom Labeled) (See Part # ZCST-LBL for setup charge)
DB-RN2ML,001-7711,Wall-Mounted Bi-Directional Mic/Line Dante Interface 2 x 2 - Black
DB-RN2MLC,002-7711,Wall-Mounted Bi-Directional Mic/Line Dante Interface 2 x 2 - Black (Custom Labeled) (See Part # ZCST-LBL for setup charge)
DB-RT2,001-5577,Remote Control Selector - Black
DB-RT2C,002-5577,Remote Control Selector - Black (Custom Labeled) (See Part # ZCST-LBL for setup charge)
DB-SFRC8,001-5637,Room Control Station for SourceFlex Distributed Audio System - Black
DB-SFRC8C,002-5637,Room Control Station for SourceFlex Distributed Audio System - Black (Custom Labeled) (See Part # ZCST-LBL for setup charge)
DB-SFRC8L,001-5642,Audio Selector for SourceFlex Distributed Audio System - Black
DB-SFRC8LC,002-5642,Audio Selector for SourceFlex Distributed Audio System - Black (Custom Labeled) (See Part # ZCST-LBL for setup charge)
DB-SH1,001-5352,Stereo Headphone Amplifier - Decora® panel with user level control - Black
DB-SH1C,002-5352,Stereo Headphone Amplifier - Decora® panel with user level control - Black (Custom Labeled) (See Part # ZCST-LBL for setup charge)
DB-SH1M,001-5398,Stereo Headphone Amplifier - stainless Decora® panel with user level control - Black
DB-SH1MC,002-5398,Stereo Headphone Amplifier - stainless Decora® panel with user level control - Black (Custom Labeled) (See Part # ZCST-LBL for setup charge)
DB-SP1A,001-5648,2 Watt Decora-Style 8 Ohm Loudspeaker - Black
D-BT1A,001-7600,Wall-Mounted Bluetooth® Audio Format-A Interface
D-BT1AC,002-7600,Wall-Mounted Bluetooth® Audio Format-A Interface (Custom Labeled) (See Part # ZCST-LBL for setup charge)
D-BTN21,001-7700,Wall-Mounted Bluetooth®  Dante Interface - White
D-BTN21C,002-7700,Wall-Mounted Bluetooth®  Dante Interface - White (Custom Labeled) (See Part # ZCST-LBL for setup charge)
DB-TPA1A,001-4675,3.5 Watt Decora® Audio Power Amplifier - Black (Compatible with Guest Room Audio System)
DB-TPA1AC,002-4675,3.5 Watt Decora® Audio Power Amplifier - Black (Compatible with Guest Room Audio System) (Custom Labeled) (See Part # ZCST-LBL for setup charge)
DB-TPR1A,001-4516,Active Single-Pair Receiver - Twisted Pair Format-A  - XLR mic/line output - Black
DB-TPR1AC,002-4516,Active Single-Pair Receiver - Twisted Pair Format-A  - XLR mic/line output - Black (Custom Labeled) (See Part # ZCST-LBL for setup charge)
DB-TPR2A,001-4521,Active Two-Pair Receiver - Twisted Pair Format-A  - stereo phono jack outputs - Black
DB-TPR2AC,002-4521,Active Two-Pair Receiver - Twisted Pair Format-A  - stereo phono jack outputs - Black (Custom Labeled) (See Part # ZCST-LBL for setup charge)
DB-TPR3A,001-4526,Active Three-Pair Receiver - Twisted Pair Format-A  - XLR and stereo phono outputs - Black
DB-TPR3AC,002-4526,Active Three-Pair Receiver - Twisted Pair Format-A  - XLR and stereo phono outputs - Black (Custom Labeled) (See Part # ZCST-LBL for setup charge)
DB-TPRX3A,001-5632,Three Input Format-A Source Selector - Black
DB-TPRX3AC,002-5632,Three Input Format-A Source Selector - Black (Custom Labeled) (See Part # ZCST-LBL for setup charge)
DB-TPS1A,001-4502,Active Single-Pair Sender - Twisted Pair Format-A - XLR mic input w phantom - Black
DB-TPS1AC,002-4502,Active Single-Pair Sender - Twisted Pair Format-A - XLR mic input w phantom - Black (Custom Labeled) (See Part # ZCST-LBL for setup charge)
DB-TPS2A,001-4507,Active Two-Pair Sender - Twisted Pair Format-A - stereo phono jack inputs - Black
DB-TPS2AC,002-4507,Active Two-Pair Sender - Twisted Pair Format-A - stereo phono jack inputs - Black (Custom Labeled) (See Part # ZCST-LBL for setup charge)
DB-TPS2AM,001-4508,Active Two-Pair Sender - Twisted Pair Format-A - XLR microphone & stereo Mini-jack in - Black
DB-TPS2AMC,002-4508,Active Two-Pair Sender - Twisted Pair Format-A - XLR microphone & stereo Mini-jack in - Black (Custom Labeled) (See Part # ZCST-LBL for setup charge)
DB-TPS3A,001-4511,Active Three-Pair Sender - Twisted Pair Format-A - XLR mic & stereo phono in - Black
DB-TPS3AC,002-4511,Active Three-Pair Sender - Twisted Pair Format-A - XLR mic & stereo phono in - Black (Custom Labeled) (See Part # ZCST-LBL for setup charge)
DB-TPS8A,001-5602,Format-A Multiple Location Audio Sender - Black (Compatible with Guest Room Audio System)
DB-TPS8AC,002-5602,Format-A Multiple Location Audio Sender - Black (Compatible with Guest Room Audio System) (Custom Labeled) (See Part # ZCST-LBL for setup charge)
DB-TPSL1A,001-4683,Active Single-Pair Sender - Twisted Pair Format-A - Mini-Jack & Stereo RCA In - Black
DB-TPSL1AC,002-4683,Active Single-Pair Sender - Twisted Pair Format-A - Mini-Jack & Stereo RCA In - Black (Custom Labeled) (See Part # ZCST-LBL for setup charge)
DB-TPSL2A,001-4686,Active Two-Pair Sender - Twisted Pair Format-A - XLR Microphone & Stereo RCA In - Black
DB-TPSL2AC,002-4686,Active Two-Pair Sender - Twisted Pair Format-A - XLR Microphone & Stereo RCA In - Black (Custom Labeled) (See Part # ZCST-LBL for setup charge)
DB-TPSM2A,001-4692,Active Two-Pair Sender Dual Microphone Preamplifier - Format-A - Black
DB-TPSM2AC,002-4692,Active Two-Pair Sender Dual Microphone Preamplifier - Format-A - Black (Custom Labeled) (See Part # ZCST-LBL for setup charge)
DB-TPSML1A,001-4697,Active Single-Pair Sender - UTP Format-A - XLR mic/line input w phantom – Black
DB-TPSML1AC,002-4697,Active Single-Pair Sender - UTP Format-A - XLR mic/line input w phantom – Black (Custom Labeled) (See Part # ZCST-LBL for setup charge)
DB-XLR2,001-0191,XLR 3-pin Female & 3-pin Male on D Plate - Terminal block connections - Black
DB-XLR2C,002-0191,XLR 3-pin Female & 3-pin Male on D Plate - Terminal block connections - Black (Custom Labeled) (See Part # ZCST-LBL for setup charge)
DB-XLR2F,001-0192,Dual XLR 3-pin Female Jacks on D Plate - Terminal block connections - Black
DB-XLR2FC,002-0192,Dual XLR 3-pin Female Jacks on D Plate - Terminal block connections - Black (Custom Labeled) (See Part # ZCST-LBL for setup charge)
DB-XLR2M,001-0193,Dual XLR 3-pin Male Jacks on D Plate - Terminal block connections - Black
DB-XLR2MC,002-0193,Dual XLR 3-pin Male Jacks on D Plate - Terminal block connections - Black (Custom Labeled) (See Part # ZCST-LBL for setup charge)
DB-XLR3F,001-0188,XLR 3-pin Female Jack on D Plate - Terminal block connections - Black
DB-XLR3FC,002-0188,XLR 3-pin Female Jack on D Plate - Terminal block connections - Black (Custom Labeled) (See Part # ZCST-LBL for setup charge)
DB-XLR3M,001-0189,XLR 3-pin Male Jack on D Plate - Terminal block connections - Black
DB-XLR3MC,002-0189,XLR 3-pin Male Jack on D Plate - Terminal block connections - Black (Custom Labeled) (See Part # ZCST-LBL for setup charge)
D-BZR,001-5006,Piezo Alert Module 
D-BZRC,002-5006,Piezo Alert Module  (Custom Labeled) (See Part # ZCST-LBL for setup charge)
DC-1B,001-9283,Single Desktop or Wall Mounted Chassis for Decora® Remote Controls and Panels - black
DC-1G,001-9282,Single Desktop or Wall Mounted Chassis for Decora® Remote Controls and Panels - gray
DC-1W,001-9280,Single Desktop or Wall Mounted Chassis for Decora® Remote Controls and Panels - white
DC-2B,001-9287,Double Desktop or Wall Mounted Chassis for Decora® Remote Controls and Panels - black
DC-2G,001-9286,Double Desktop or Wall Mounted Chassis for Decora® Remote Controls and Panels - gray
DC-2W,001-9284,Double Desktop or Wall Mounted Chassis for Decora® Remote Controls and Panels - white
DC-3B,001-9291,Triple Desktop or Wall Mounted Chassis for Decora® Remote Controls and Panels - black
DC-3G,001-9290,Triple Desktop or Wall Mounted Chassis for Decora® Remote Controls and Panels - gray
DC-3W,001-9288,Triple Desktop or Wall Mounted Chassis for Decora® Remote Controls and Panels - white
DC-4B,001-9298,Quadruple Desktop or Wall Mounted Chassis for Decora® Remote Controls and Panels - black
DC-4G,001-9294,Quadruple Desktop or Wall Mounted Chassis for Decora® Remote Controls and Panels - gray
DC-4W,001-9292,Quadruple Desktop or Wall Mounted Chassis for Decora® Remote Controls and Panels - white
DC-F,001-9299,Desktop Chassis Foot Kit for DC Series Desktop Chassis
DCF-100MB,001-0083,ACM Detector
D-CIJ3,001-5357,Consumer Input Jacks – Mono
D-CIJ3C,002-5357,Consumer Input Jacks – Mono (Custom Labeled) (See Part # ZCST-LBL for setup charge)
D-CIJ3D,001-5363,Consumer Input Jacks – Stereo
D-CIJ3DC,002-5363,Consumer Input Jacks – Stereo (Custom Labeled) (See Part # ZCST-LBL for setup charge)
D-D1,001-5450,Single plate for standard and specialty connectors
D-D1C,002-5450,Single plate for standard and specialty connectors (Custom Labeled) (See Part # ZCST-LBL for setup charge)
D-D1T,001-5730,Single plate for standard and specialty connectors - Top Hole Position
D-D1TC,002-5730,Single plate for standard and specialty connectors - Top Hole Position (Custom Labeled) (See Part # ZCST-LBL for setup charge)
D-D2,001-5455,Double plate for standard and specialty connectors
D-D2C,002-5455,Double plate for standard and specialty connectors (Custom Labeled) (See Part # ZCST-LBL for setup charge)
DDB-BN22,001-5685,"Bi-Directional Mic/Line Dante Interface 2 x 2 w/PoE - 2 XLR In, 2 XLR Out - Black"
DDB-BN22C,002-5685,"Bi-Directional Mic/Line Dante Interface 2 x 2 w/PoE - 2 XLR In, 2 XLR Out - Black (Custom Labeled) (See Part # ZCST-LBL for setup charge)"
DDB-BN2M,001-5695,"Bi-Directional Mic/Line Dante Interface 2 x 2 w/PoE - 2 XLR In, 2 Out on Rear-Panel Terminal Block - Black"
DDB-BN2MC,002-5695,"Bi-Directional Mic/Line Dante Interface 2 x 2 w/PoE - 2 XLR In, 2 Out on Rear-Panel Terminal Block - Black (Custom Labeled) (See Part # ZCST-LBL for setup charge)"
DDB-BN2ML,001-5705,"Bi-Directional Mic/Line Dante Interface 2 x 2 w/PoE - 1 XLR In and 1 Mini-jack In, 2 Out on Rear-Panel Terminal Block - Black"
DDB-BN2MLC,002-5705,"Bi-Directional Mic/Line Dante Interface 2 x 2 w/PoE - 1 XLR In and 1 Mini-jack In, 2 Out on Rear-Panel Terminal Block - Black (Custom Labeled) (See Part # ZCST-LBL for setup charge)"
DDB-BN31,001-5715,"Bi-Directional Mic/Line Dante Interface 4 x 4 w/PoE - 2 XLR In, 1 Mini-jack In, 1 Mini-jack Out, 2 Out on Rear-Panel Terminal Block - Black"
DDB-BN31C,002-5715,"Bi-Directional Mic/Line Dante Interface 4 x 4 w/PoE - 2 XLR In, 1 Mini-jack In, 1 Mini-jack Out, 2 Out on Rear-Panel Terminal Block - Black (Custom Labeled) (See Part # ZCST-LBL for setup charge)"
DDB-BN40,001-5725,"Bi-Directional Mic/Line Dante Interface 4 x 2 w/PoE - 4 XLR In, 2 Out on Rear-Panel Terminal Block - Black"
DDB-BN40C,002-5725,"Bi-Directional Mic/Line Dante Interface 4 x 2 w/PoE - 4 XLR In, 2 Out on Rear-Panel Terminal Block - Black (Custom Labeled) (See Part # ZCST-LBL for setup charge)"
DDB-BTN44,001-7611,Wall-Mounted Bi-Directional Line-Level and Bluetooth® Audio Dante Interface - Black
DDB-BTN44C,002-7611,Wall-Mounted Bi-Directional Line-Level and Bluetooth® Audio Dante Interface - Black (Custom Labeled) (See Part # ZCST-LBL for setup charge)
DD-BN22,001-5680,"Bi-Directional Mic/Line Dante Interface 2 x 2 w/PoE - 2 XLR In, 2 XLR Out - White"
DD-BN22C,002-5680,"Bi-Directional Mic/Line Dante Interface 2 x 2 w/PoE - 2 XLR In, 2 XLR Out - White (Custom Labeled) (See Part # ZCST-LBL for setup charge)"
DD-BN2M,001-5690,"Bi-Directional Mic/Line Dante Interface 2 x 2 w/PoE - 2 XLR In, 2 Out on Rear-Panel Terminal Block - White"
DD-BN2MC,002-5690,"Bi-Directional Mic/Line Dante Interface 2 x 2 w/PoE - 2 XLR In, 2 Out on Rear-Panel Terminal Block - White (Custom Labeled) (See Part # ZCST-LBL for setup charge)"
DD-BN2ML,001-5700,"Bi-Directional Mic/Line Dante Interface 2 x 2 w/PoE - 1 XLR In and 1 Mini-jack In, 2 Out on Rear-Panel Terminal Block - White"
DD-BN2MLC,002-5700,"Bi-Directional Mic/Line Dante Interface 2 x 2 w/PoE - 1 XLR In and 1 Mini-jack In, 2 Out on Rear-Panel Terminal Block - White (Custom Labeled) (See Part # ZCST-LBL for setup charge)"
DD-BN31,001-5710,"Bi-Directional Mic/Line Dante Interface 4 x 4 w/PoE - 2 XLR In, 1 Mini-jack In, 1 Mini-jack Out, 2 Out on Rear-Panel Terminal Block - White"
DD-BN31C,002-5710,"Bi-Directional Mic/Line Dante Interface 4 x 4 w/PoE - 2 XLR In, 1 Mini-jack In, 1 Mini-jack Out, 2 Out on Rear-Panel Terminal Block - White (Custom Labeled) (See Part # ZCST-LBL for setup charge)"
DD-BN40,001-5720,"Bi-Directional Mic/Line Dante Interface 4 x 2 w/PoE - 4 XLR In, 2 Out on Rear-Panel Terminal Block - White"
DD-BN40C,002-5720,"Bi-Directional Mic/Line Dante Interface 4 x 2 w/PoE - 4 XLR In, 2 Out on Rear-Panel Terminal Block - White (Custom Labeled) (See Part # ZCST-LBL for setup charge)"
DDB-RN31,001-7624,"Bi-Directional Mic/Line Dante Interface 4 x 4 w/PoE - Software Configurable - 2 XLR In, 2 RCA In, 1 Mini-jack In, 1 Mini-jack Out, 2 Out on Rear-Panel Terminal Block -  Black"
DDB-RN31C,002-7624,"Bi-Directional Mic/Line Dante Interface 4 x 4 w/PoE - Software Configurable - 2 XLR In, 2 RCA In, 1 Mini-jack In, 1 Mini-jack Out, 2 Out on Rear-Panel Terminal Block -  Black (Custom Labeled) (See Part # ZCST-LBL for setup charge)"
DDB-RN40,001-7621,"Bi-Directional Mic/Line Dante Interface 4 x 2 w/PoE - Software Configurable - 4 XLR In, 2 Out on Rear-Panel Terminal Block - Black"
DDB-RN40C,002-7621,"Bi-Directional Mic/Line Dante Interface 4 x 2 w/PoE - Software Configurable - 4 XLR In, 2 Out on Rear-Panel Terminal Block - Black (Custom Labeled) (See Part # ZCST-LBL for setup charge)"
DDB-RN42,001-7628,"Bi-Directional Mic/Line Dante Interface 4 x 2 w/PoE - Software Configurable - 2 XLR In, 2 XLR Out, 2 In on Rear-Panel Terminal Block - Black"
DDB-RN42C,002-7628,"Bi-Directional Mic/Line Dante Interface 4 x 2 w/PoE - Software Configurable - 2 XLR In, 2 XLR Out, 2 In on Rear-Panel Terminal Block - Black (Custom Labeled) (See Part # ZCST-LBL for setup charge)"
DD-BTN44,001-7610,Wall-Mounted Bi-Directional Line-Level and Bluetooth® Audio Dante Interface
DD-BTN44C,002-7610,Wall-Mounted Bi-Directional Line-Level and Bluetooth® Audio Dante Interface (Custom Labeled) (See Part # ZCST-LBL for setup charge)
DD-RN31,001-7623,"Bi-Directional Mic/Line Dante Interface 4 x 4 w/PoE - Software Configurable - 2 XLR In, 2 RCA In, 1 Mini-jack In, 1 Mini-jack Out, 2 Out on Rear-Panel Terminal Block - White"
DD-RN31C,002-7623,"Bi-Directional Mic/Line Dante Interface 4 x 4 w/PoE - Software Configurable - 2 XLR In, 2 RCA In, 1 Mini-jack In, 1 Mini-jack Out, 2 Out on Rear-Panel Terminal Block - White (Custom Labeled) (See Part # ZCST-LBL for setup charge)"
DD-RN40,001-7620,"Bi-Directional Mic/Line Dante Interface 4 x 2 w/PoE - Software Configurable - 4 XLR In, 2 Out on Rear-Panel Terminal Block - White"
DD-RN40C,002-7620,"Bi-Directional Mic/Line Dante Interface 4 x 2 w/PoE - Software Configurable - 4 XLR In, 2 Out on Rear-Panel Terminal Block - White (Custom Labeled) (See Part # ZCST-LBL for setup charge)"
DD-RN42,001-7627,"Bi-Directional Mic/Line Dante Interface 4 x 2 w/PoE - Software Configurable - 2 XLR In, 2 XLR Out, 2 In on Rear-Panel Terminal Block - White"
DD-RN42C,002-7627,"Bi-Directional Mic/Line Dante Interface 4 x 2 w/PoE - Software Configurable - 2 XLR In, 2 XLR Out, 2 In on Rear-Panel Terminal Block - White (Custom Labeled) (See Part # ZCST-LBL for setup charge)"
DDS-BN22,001-5688,"Bi-Directional Mic/Line Dante Interface 2 x 2 w/PoE - 2 XLR In, 2 XLR Out - Stainless Steel"
DDS-BN22C,002-5688,"Bi-Directional Mic/Line Dante Interface 2 x 2 w/PoE - 2 XLR In, 2 XLR Out - Stainless Steel (Custom Labeled) (See Part # ZCST-LBL for setup charge)"
DDS-BN2M,001-5698,"Bi-Directional Mic/Line Dante Interface 2 x 2 w/PoE - 2 XLR In, 2 Out on Rear-Panel Terminal Block - Stainless Steel"
DDS-BN2MC,002-5698,"Bi-Directional Mic/Line Dante Interface 2 x 2 w/PoE - 2 XLR In, 2 Out on Rear-Panel Terminal Block - Stainless Steel (Custom Labeled) (See Part # ZCST-LBL for setup charge)"
DDS-BN2ML,001-5708,"Bi-Directional Mic/Line Dante Interface 2 x 2 w/PoE - 1 XLR In and 1 Mini-jack In, 2 Out on Rear-Panel Terminal Block - Stainless Steel"
DDS-BN2MLC,002-5708,"Bi-Directional Mic/Line Dante Interface 2 x 2 w/PoE - 1 XLR In and 1 Mini-jack In, 2 Out on Rear-Panel Terminal Block - Stainless Steel (Custom Labeled) (See Part # ZCST-LBL for setup charge)"
DDS-BN31,001-5718,"Bi-Directional Mic/Line Dante Interface 4 x 4 w/PoE - 2 XLR In, 1 Mini-jack In, 1 Mini-jack Out, 2 Out on Rear-Panel Terminal Block - Stainless Steel"
DDS-BN31C,002-5718,"Bi-Directional Mic/Line Dante Interface 4 x 4 w/PoE - 2 XLR In, 1 Mini-jack In, 1 Mini-jack Out, 2 Out on Rear-Panel Terminal Block - Stainless Steel (Custom Labeled) (See Part # ZCST-LBL for setup charge)"
DDS-BN40,001-5728,"Bi-Directional Mic/Line Dante Interface 4 x 2 w/PoE - 4 XLR In, 2 Out on Rear-Panel Terminal Block - Stainless Steel"
DDS-BN40C,002-5728,"Bi-Directional Mic/Line Dante Interface 4 x 2 w/PoE - 4 XLR In, 2 Out on Rear-Panel Terminal Block - Stainless Steel (Custom Labeled) (See Part # ZCST-LBL for setup charge)"
DDS-BTN44,001-7612,Wall-Mounted Bi-Directional Line-Level and Bluetooth® Audio Dante Interface - Stainless Steel
DDS-BTN44C,002-7612,Wall-Mounted Bi-Directional Line-Level and Bluetooth® Audio Dante Interface - Stainless Steel (Custom Labeled) (See Part # ZCST-LBL for setup charge)
DDS-RN31,001-7625,"Bi-Directional Mic/Line Dante Interface 4 x 4 w/PoE - Software Configurable - 2 XLR In, 2 RCA In, 1 Mini-jack In, 1 Mini-jack Out, 2 Out on Rear-Panel Terminal Block - Stainless Steel"
DDS-RN31C,002-7625,"Bi-Directional Mic/Line Dante Interface 4 x 4 w/PoE - Software Configurable - 2 XLR In, 2 RCA In, 1 Mini-jack In, 1 Mini-jack Out, 2 Out on Rear-Panel Terminal Block - Stainless Steel (Custom Labeled) (See Part # ZCST-LBL for setup charge)"
DDS-RN40,001-7622,"Bi-Directional Mic/Line Dante Interface 4 x 2 w/PoE - Software Configurable - 4 XLR In, 2 Out on Rear-Panel Terminal Block - Stainless Steel"
DDS-RN40C,002-7622,"Bi-Directional Mic/Line Dante Interface 4 x 2 w/PoE - Software Configurable - 4 XLR In, 2 Out on Rear-Panel Terminal Block - Stainless Steel (Custom Labeled) (See Part # ZCST-LBL for setup charge)"
DDS-RN42,001-7629,"Bi-Directional Mic/Line Dante Interface 4 x 2 w/PoE - Software Configurable - 2 XLR In, 2 XLR Out, 2 In on Rear-Panel Terminal Block - Stainless Steel"
DDS-RN42C,002-7629,"Bi-Directional Mic/Line Dante Interface 4 x 2 w/PoE - Software Configurable - 2 XLR In, 2 XLR Out, 2 In on Rear-Panel Terminal Block - Stainless Steel (Custom Labeled) (See Part # ZCST-LBL for setup charge)"
D-F,001-0141,Double Type F Jack on D Plate
D-FC,002-0141,Double Type F Jack on D Plate (Custom Labeled) (See Part # ZCST-LBL for setup charge)
DG-PSP1,001-5664,Decora-Style Active Loudspeaker - Gray - User Level Adjust
DG-PSP1A,001-5674,Decora-Style Active Loudspeaker - Format-A - Gray - User Level Adjust
DG-PSP1AF,001-5677,Decora-Style Active Loudspeaker - Format-A - Gray - Installer Level Adjust
DG-PSP1F,001-5668,Decora-Style Active Loudspeaker - Gray - Installer Level Adjust
DG-SP1A,001-5650,2 Watt Decora-Style 8 Ohm Loudspeaker - Gray
D-HA1A,001-5595,Format-A Stereo Headphone Amplifier (Compatible with Guest Room Audio System)
D-HA1AC,002-5595,Format-A Stereo Headphone Amplifier (Compatible with Guest Room Audio System) (Custom Labeled) (See Part # ZCST-LBL for setup charge)
D-HPA3,001-5620,3.5 Watt Audio Power and Headphone Amplifier
D-HPA3C,002-5620,3.5 Watt Audio Power and Headphone Amplifier (Custom Labeled) (See Part # ZCST-LBL for setup charge)
D-J1,001-5465,"Microphone Input Assembly - XLR, Terminal block"
D-J1C,002-5465,"Microphone Input Assembly - XLR, Terminal block (Custom Labeled) (See Part # ZCST-LBL for setup charge)"
D-J2,001-5475,"Line Input Assembly - RCA jacks, Terminal block"
D-J2C,002-5475,"Line Input Assembly - RCA jacks, Terminal block (Custom Labeled) (See Part # ZCST-LBL for setup charge)"
D-J3,001-5485,"Mic/Line Input Assembly - XLR, RCA, Terminal block"
D-J3C,002-5485,"Mic/Line Input Assembly - XLR, RCA, Terminal block (Custom Labeled) (See Part # ZCST-LBL for setup charge)"
D-J3M,001-5486,"Mic/Line Input Assembly - XLR, Mini-jack, Terminal block"
D-J3MC,002-5486,"Mic/Line Input Assembly - XLR, Mini-jack, Terminal block (Custom Labeled) (See Part # ZCST-LBL for setup charge)"
D-MJPT,001-5460,Mini-Jack Pass-Through Plate
D-MJPTC,002-5460,Mini-Jack Pass-Through Plate (Custom Labeled) (See Part # ZCST-LBL for setup charge)
DMK-5,001-0094,Detachable Mounting Kit
D-NLC1,001-7630,Network Remote Control with LEDs - Dante -  White
D-NLC1R,001-7680,Network Remote Control with LEDs - Dante -  White
D-NMC1,001-7635,Network Remote Control with Screen - Dante - White
D-NMC1R,001-7685,Network Remote Control with Screen - Dante - White
D-NVC2,001-7715,Dante/AES67 Level Control Two Channel with Screen - WHT
D-PA3,001-5625,3.5 Watt Decora® Audio Amplifier
D-PA3C,002-5625,3.5 Watt Decora® Audio Amplifier (Custom Labeled) (See Part # ZCST-LBL for setup charge)
D-PHN1,001-0139,Single Phono Jack on D Plate - Solder type
D-PHN1C,002-0139,Single Phono Jack on D Plate - Solder type (Custom Labeled) (See Part # ZCST-LBL for setup charge)
D-PHN2,001-0140,Dual Phono Jacks on D Plate - Solder type
D-PHN2C,002-0140,Dual Phono Jacks on D Plate - Solder type (Custom Labeled) (See Part # ZCST-LBL for setup charge)
D-PSP1,001-5655,Decora-Style Active Loudspeaker - White - User Level Adjust
D-PSP1A,001-5665,Decora-Style Active Loudspeaker - Format-A - White - User Level Adjust
D-PSP1AF,001-5669,Decora-Style Active Loudspeaker - Format-A - White - Installer Level Adjust
D-PSP1F,001-5658,Decora-Style Active Loudspeaker - White - Installer Level Adjust
DR35-1M,001-0390,DIN Rail - 1 m
DRA-35F,001-5172,Flat-Pak DIN Rail Adapter
DRA-35P,001-5178,Power Supply DIN Rail Adapter
DRA-35R,001-5174,Rack-Up DIN Rail Adapter
DRA-35S,001-5170,STICK-ON DIN Rail Adapter
DRA-35S6,001-5180,STICK-ON DIN Rail Adapter
DRA-35T,001-5177,TX Series DIN Rail Adapter
D-RC2,001-5400,Remote Audio Mixing Control
D-RC2C,002-5400,Remote Audio Mixing Control (Custom Labeled) (See Part # ZCST-LBL for setup charge)
D-RC2M,001-5410,Remote Audio Mixing Control with Muting
D-RC2MC,002-5410,Remote Audio Mixing Control with Muting (Custom Labeled) (See Part # ZCST-LBL for setup charge)
D-RC2ST,001-5565,2 Channel Remote Control for STICK-ONs
D-RC2STC,002-5565,2 Channel Remote Control for STICK-ONs (Custom Labeled) (See Part # ZCST-LBL for setup charge)
D-RC3,001-5420,Remote Audio Mixing Control
D-RC3C,002-5420,Remote Audio Mixing Control (Custom Labeled) (See Part # ZCST-LBL for setup charge)
D-RC3M,001-5430,Remote Audio Mixing Control with Muting
D-RC3MC,002-5430,Remote Audio Mixing Control with Muting (Custom Labeled) (See Part # ZCST-LBL for setup charge)
D-RC4M,001-5615,4 Channel Remote Control for RU-ASX4D and RU-ASX4DR
D-RC4MC,002-5615,4 Channel Remote Control for RU-ASX4D and RU-ASX4DR (Custom Labeled) (See Part # ZCST-LBL for setup charge)
D-RC4RU,001-5580,4 Channel Remote Control for RACK-UPs
D-RC4RUC,002-5580,4 Channel Remote Control for RACK-UPs (Custom Labeled) (See Part # ZCST-LBL for setup charge)
D-RC4ST,001-5570,4 Channel Remote Control for ST-SX4
D-RC4STC,002-5570,4 Channel Remote Control for ST-SX4 (Custom Labeled) (See Part # ZCST-LBL for setup charge)
D-RCS4,001-5590,Remote Channel Selector - 4 Channels - controls RU-ASX4D/R
D-RCS4C,002-5590,Remote Channel Selector - 4 Channels - controls RU-ASX4D/R (Custom Labeled) (See Part # ZCST-LBL for setup charge)
D-RCX1,001-9305,Room Control for RCX-5C Room Combiner - Decora®
D-RCX10R,001-9320,Rotary Level Control - Rotary Encoder - Decora®  Note: This product is active but Not Recommended for New Designs (NRND); available while supplies last.
D-RCX10RC,002-9320,Rotary Level Control - Rotary Encoder - Decora® (Custom Labeled) (See Part # ZCST-LBL for setup charge).  Note: This product is active but Not Recommended for New Designs (NRND); available while supplies last.       
D-RCX1C,002-9305,Room Control for RCX-5C Room Combiner - Decora® (Custom Labeled) (See Part # ZCST-LBL for setup charge)
D-RCX2,001-9312,Room Control for RCX-5C Room Combiner - Decora®
D-RCX2C,002-9312,Room Control for RCX-5C Room Combiner - Decora® (Custom Labeled) (See Part # ZCST-LBL for setup charge)
D-RLC10,001-5605,Remote Level Control - Rotary Optical Encoder
D-RLC10C,002-5605,Remote Level Control - Rotary Optical Encoder (Custom Labeled) (See Part # ZCST-LBL for setup charge)
D-RLC10K,001-0114,Remote Level Controller - 0 to 10 k Ohm
D-RLC10KC,002-0114,Remote Level Controller - 0 to 10 k Ohm (Custom Labeled) (See Part # ZCST-LBL for setup charge)
D-RLC10KM,001-5440,Remote Level Control with Muting
D-RLC10KMC,002-5440,Remote Level Control with Muting (Custom Labeled) (See Part # ZCST-LBL for setup charge)
D-RLC10M,001-5610,Remote Level Control with Muting - Rotary Optical Encoder
D-RLC10MC,002-5610,Remote Level Control with Muting - Rotary Optical Encoder (Custom Labeled) (See Part # ZCST-LBL for setup charge)
D-RLC2,001-5585,Remote Level Controller - Ramp
D-RLC2C,002-5585,Remote Level Controller - Ramp (Custom Labeled) (See Part # ZCST-LBL for setup charge)
D-RLC3,001-5560,Remote Level Controller - Preset Levels
D-RLC3C,002-5560,Remote Level Controller - Preset Levels (Custom Labeled) (See Part # ZCST-LBL for setup charge)
D-RN02,001-7695,Wall-Mounted Mic/Line Dante Interface 0 x 2 - White
D-RN02C,002-7695,Wall-Mounted Mic/Line Dante Interface 0 x 2 - White (Custom Labeled) (See Part # ZCST-LBL for setup charge)
D-RN12,001-7705,Wall-Mounted Bi-Directional Mic/Line Dante Interface 1 x 2 - White
D-RN12C,002-7705,Wall-Mounted Bi-Directional Mic/Line Dante Interface 1 x 2 - White  (Custom Labeled) (See Part # ZCST-LBL for setup charge)
D-RN22,001-7690,Wall-Mounted Bi-Directional Mic/Line Dante Interface 2 x 2 - White
D-RN22C,002-7690,Wall-Mounted Bi-Directional Mic/Line Dante Interface 2 x 2 - White (Custom Labeled) (See Part # ZCST-LBL for setup charge)
D-RN2ML,001-7710,Wall-Mounted Bi-Directional Mic/Line Dante Interface 2 x 2 - White
D-RN2MLC,002-7710,Wall-Mounted Bi-Directional Mic/Line Dante Interface 2 x 2 - White (Custom Labeled) (See Part # ZCST-LBL for setup charge)
D-RT2 ,001-5575,Remote Control Selector - Power On/Off
D-RT2C,002-5575,Remote Control Selector - Power On/Off (Custom Labeled) (See Part # ZCST-LBL for setup charge)
DS-1/4F,001-5240,1/4 in. Phone Jack on D Plate - Terminal block connections - Stainless Steel
DS-1/4FC,002-5240,1/4 in. Phone Jack on D Plate - Terminal block connections - Stainless Steel (Custom Labeled) (See Part # ZCST-LBL for setup charge)
DS-A2,001-5500,"Line Output Assembly - RCA jacks, Terminal block - Stainless"
DS-A2C,002-5500,"Line Output Assembly - RCA jacks, Terminal block - Stainless (Custom Labeled) (See Part # ZCST-LBL for setup charge) (See Part # ZCST-LBL for setup charge)"
DS-AVM4,001-5372,"Audio/Video Decora® Jack Panel - Stainless - DB15, Phono, Mini"
DS-AVM4C,002-5372,"Audio/Video Decora® Jack Panel - Stainless - DB15, Phono, Mini (Custom Labeled) (See Part # ZCST-LBL for setup charge)"
DS-BLANK,001-5242,D Style Plate with No Jack Cut Out - Stainless Steel
DS-BLANKC,002-5242,D Style Plate with No Jack Cut Out - Stainless Steel (Custom Labeled) (See Part # ZCST-LBL for setup charge)
DS-BNC,001-5232,BNC Jack on D Plate - Solder type - Stainless Steel
DS-BNC/D,001-5220,Insulated Double BNC Jack on D Plate - Stainless Steel
DS-BNC/DC,002-5220,Insulated Double BNC Jack on D Plate - Stainless Steel (Custom Labeled) (See Part # ZCST-LBL for setup charge)
DS-BNCC,002-5232,BNC Jack on D Plate - Solder type - Stainless Steel (Custom Labeled) (See Part # ZCST-LBL for setup charge)
DS-BT1A,001-7602,Wall-Mounted Bluetooth® Audio Format-A Interface - Stainless Steel
DS-BT1AC,002-7602,Wall-Mounted Bluetooth® Audio Format-A Interface - Stainless Steel (Custom Labeled) (See Part # ZCST-LBL for setup charge)
DS-BTN21,001-7702,Wall-Mounted Bluetooth®  Dante Interface - Stainless Steel
DS-BTN21C,002-7702,Wall-Mounted Bluetooth®  Dante Interface - Stainless Steel (Custom Labeled) (See Part # ZCST-LBL for setup charge)
DS-CIJ3,001-5360,Consumer Input Jacks – Mono
DS-CIJ3C,002-5360,Consumer Input Jacks – Mono (Custom Labeled) (See Part # ZCST-LBL for setup charge)
DS-CIJ3D,001-5366,Consumer Input Jacks – Stereo
DS-CIJ3DC,002-5366,Consumer Input Jacks – Stereo (Custom Labeled) (See Part # ZCST-LBL for setup charge)
DS-D1,001-5452,Single plate for standard and specialty connectors - Stainless
DS-D1C,002-5452,Single plate for standard and specialty connectors - Stainless (Custom Labeled) (See Part # ZCST-LBL for setup charge)
DS-D1T,001-5732,Single plate for standard and specialty connectors - Top Hole Position - Stainless Steel
DS-D1TC,002-5732,Single plate for standard and specialty connectors - Top Hole Position - Stainless Steel (Custom Labeled) (See Part # ZCST-LBL for setup charge)
DS-D2,001-5457,Double plate for standard and specialty connectors - Stainless
DS-D2C,002-5457,Double plate for standard and specialty connectors - Stainless (Custom Labeled) (See Part # ZCST-LBL for setup charge)
DS-F,001-5234,Double Type F Jack on D Plate - Stainless Steel
DS-FC,002-5234,Double Type F Jack on D Plate - Stainless Steel (Custom Labeled) (See Part # ZCST-LBL for setup charge)
D-SFRC8,001-5635,Room Control Station for SourceFlex Distributed Audio System
D-SFRC8C,002-5635,Room Control Station for SourceFlex Distributed Audio System (Custom Labeled) (See Part # ZCST-LBL for setup charge)
D-SFRC8L,001-5640,Audio Selector for SourceFlex Distributed Audio System
D-SFRC8LC,002-5640,Audio Selector for SourceFlex Distributed Audio System (Custom Labeled) (See Part # ZCST-LBL for setup charge)
D-SH1,001-5350,Stereo Headphone Amplifier - Decora® panel with user level control
D-SH1C,002-5350,Stereo Headphone Amplifier - Decora® panel with user level control (Custom Labeled) (See Part # ZCST-LBL for setup charge)
D-SH1M,001-5395,Stereo Headphone Amplifier - Decora® panel with user level control
D-SH1MC,002-5395,Stereo Headphone Amplifier - Decora® panel with user level control (Custom Labeled) (See Part # ZCST-LBL for setup charge)
DS-HA1A,001-5598,Format-A Stereo Headphone Amplifier - Stainless Steel (Compatible with Guest Room Audio System)
DS-HA1AC,002-5598,Format-A Stereo Headphone Amplifier - Stainless Steel (Compatible with Guest Room Audio System) (Custom Labeled) (See Part # ZCST-LBL for setup charge)
DS-HPA3,001-5623,3.5 Watt Audio Power and Headphone Amplifier - SS
DS-HPA3C,002-5623,3.5 Watt Audio Power and Headphone Amplifier - SS (Custom Labeled) (See Part # ZCST-LBL for setup charge)
DS-J1,001-5470,"Microphone Input Assembly - XLR, Terminal block - Stainless"
DS-J1C,002-5470,"Microphone Input Assembly - XLR, Terminal block - Stainless (Custom Labeled) (See Part # ZCST-LBL for setup charge)"
DS-J2,001-5480,"Line Input Assembly - RCA jacks, Terminal block - Stainless"
DS-J2C,002-5480,"Line Input Assembly - RCA jacks, Terminal block - Stainless (Custom Labeled) (See Part # ZCST-LBL for setup charge)"
DS-J3,001-5490,"Mic/Line Input Assembly - XLR, RCA, Terminal block - Stainless"
DS-J3C,002-5490,"Mic/Line Input Assembly - XLR, RCA, Terminal block - Stainless (Custom Labeled) (See Part # ZCST-LBL for setup charge)"
DS-J3M,001-5489,"Mic/Line Input Assembly - XLR, Mini-jack, Terminal block - Stainless"
DS-J3MC,002-5489,"Mic/Line Input Assembly - XLR, Mini-jack, Terminal block - Stainless (Custom Labeled) (See Part # ZCST-LBL for setup charge)"
DS-MJPT,001-5462,Mini-Jack Pass-Through Plate - Stainless
DS-MJPTC,002-5462,Mini-Jack Pass-Through Plate - Stainless (Custom Labeled) (See Part # ZCST-LBL for setup charge)
DS-NLC1,001-7632,Network Remote Control with LEDs - Dante - Stainless Steel
DS-NLC1R,001-7682,Network Remote Control with LEDs - Dante - Stainless Steel
DS-NMC1,001-7637,Network Remote Control with Screen - Dante - Stainless Steel
DS-NMC1R,001-7687,Network Remote Control with Screen - Dante - Stainless Steel
DS-NVC2,001-7719,Dante/AES67 Level Control Two Channel with Screen - SS
D-SP1A,001-5645,2 Watt Decora-Style 8 Ohm Loudspeaker - White
DS-PA3,001-5628,3.5 Watt Decora® Audio Amplifier - SS
DS-PA3C,002-5628,3.5 Watt Decora® Audio Amplifier - SS (Custom Labeled) (See Part # ZCST-LBL for setup charge)
DS-PHN1,001-5238,Single Phono Jack on D Plate - Solder type - Stainless Steel
DS-PHN1C,002-5238,Single Phono Jack on D Plate - Solder type - Stainless Steel (Custom Labeled) (See Part # ZCST-LBL for setup charge)
DS-PHN2,001-5236,Dual Phono Jacks on D Plate  - Solder type - Stainless Steel
DS-PHN2C,002-5236,Dual Phono Jacks on D Plate  - Solder type - Stainless Steel (Custom Labeled) (See Part # ZCST-LBL for setup charge)
DS-PSP1,001-5662,Decora-Style Active Loudspeaker - Stainless Steel - User Level Adjust
DS-PSP1A,001-5672,Decora-Style Active Loudspeaker - Format-A - Stainless Steel - User Level Adjust
DS-PSP1AF,001-5673,Decora-Style Active Loudspeaker - Format-A - Stainless Steel - Installer Level Adjust
DS-PSP1F,001-5663,Decora-Style Active Loudspeaker - Stainless Steel - Installer Level Adjust
DS-RC2,001-5405,Remote Audio Mixing Control - Stainless
DS-RC2C,002-5405,Remote Audio Mixing Control - Stainless (Custom Labeled) (See Part # ZCST-LBL for setup charge)
DS-RC2M,001-5415,Remote Audio Mixing Control with Muting - Stainless
DS-RC2MC,002-5415,Remote Audio Mixing Control with Muting - Stainless (Custom Labeled) (See Part # ZCST-LBL for setup charge)
DS-RC2ST,001-5569,2 Channel Remote Control for STICK-ONs - stainless steel
DS-RC2STC,002-5569,2 Channel Remote Control for STICK-ONs - stainless steel (Custom Labeled) (See Part # ZCST-LBL for setup charge)
DS-RC3,001-5425,Remote Audio Mixing Control - Stainless
DS-RC3C,002-5425,Remote Audio Mixing Control - Stainless (Custom Labeled) (See Part # ZCST-LBL for setup charge)
DS-RC3M,001-5435,Remote Audio Mixing Control with Muting - Stainless
DS-RC3MC,002-5435,Remote Audio Mixing Control with Muting - Stainless (Custom Labeled) (See Part # ZCST-LBL for setup charge)
DS-RC4M,001-5618,4 Channel Remote Control for RU-ASX4D and RU-ASX4DR - Stainless
DS-RC4MC,002-5618,4 Channel Remote Control for RU-ASX4D and RU-ASX4DR - Stainless (Custom Labeled) (See Part # ZCST-LBL for setup charge)
DS-RC4RU,001-5584,4 Channel Remote Control for RACK-Ups - stainless steel
DS-RC4RUC,002-5584,4 Channel Remote Control for RACK-Ups - stainless steel (Custom Labeled) (See Part # ZCST-LBL for setup charge)
DS-RC4ST,001-5574,4 Channel Remote Control for ST-SX4 - stainless steel
DS-RC4STC,002-5574,4 Channel Remote Control for ST-SX4 - stainless steel (Custom Labeled) (See Part # ZCST-LBL for setup charge)
DS-RCS4,001-5593,Remote Channel Selector - 4 Channels - controls RU-ASX4D/R - stainless steel
DS-RCS4C,002-5593,Remote Channel Selector - 4 Channels - controls RU-ASX4D/R - stainless steel (Custom Labeled) (See Part # ZCST-LBL for setup charge)
DS-RCX1,001-9308,Room Control for RCX-5C Room Combiner - Decora® Stainless
DS-RCX10R,001-9323,Rotary Level Control - Rotary Encoder - Decora® Stainless  Note: This product is active but Not Recommended for New Designs (NRND); available while supplies last.
DS-RCX10RC,002-9323,Rotary Level Control - Rotary Encoder - Decora® Stainless (Custom Labeled) (See Part # ZCST-LBL for setup charge)  Note: This product is active but Not Recommended for New Designs (NRND); available while supplies last.       
DS-RCX1C,002-9308,Room Control for RCX-5C Room Combiner - Decora® Stainless (Custom Labeled) (See Part # ZCST-LBL for setup charge)
DS-RCX2,001-9315,Room Control for RCX-5C Room Combiner - Decora® Stainless
DS-RCX2C,002-9315,Room Control for RCX-5C Room Combiner - Decora® Stainless (Custom Labeled) (See Part # ZCST-LBL for setup charge)
DS-RLC10,001-5609,Remote Level Control - Rotary Optical Encoder - stainless steel
DS-RLC10C,002-5609,Remote Level Control - Rotary Optical Encoder - stainless steel (Custom Labeled) (See Part # ZCST-LBL for setup charge)
DS-RLC10K,001-5265,Remote Level Controller - 0 to 10 k Ohm - stainless steel
DS-RLC10KC,002-5265,Remote Level Controller - 0 to 10 k Ohm - stainless steel (Custom Labeled) (See Part # ZCST-LBL for setup charge)
DS-RLC10KM,001-5445,Remote Level Control with Muting - stainless steel
DS-RLC10KMC,002-5445,Remote Level Control with Muting - stainless steel (Custom Labeled) (See Part # ZCST-LBL for setup charge)
DS-RLC10M,001-5614,Remote Level Control with Muting - Rotary Optical Encoder - stainless steel
DS-RLC10MC,002-5614,Remote Level Control with Muting - Rotary Optical Encoder - stainless steel (Custom Labeled) (See Part # ZCST-LBL for setup charge)
DS-RLC2,001-5588,Remote Level Controller - Ramp - stainless steel
DS-RLC2C,002-5588,Remote Level Controller - Ramp - stainless steel (Custom Labeled) (See Part # ZCST-LBL for setup charge)
DS-RLC3,001-5564,Remote Level Controller - Preset Levels - stainless steel
DS-RLC3C,002-5564,Remote Level Controller - Preset Levels - stainless steel (Custom Labeled) (See Part # ZCST-LBL for setup charge)
DS-RN02,001-7697,Wall-Mounted Mic/Line Dante Interface 0 x 2 - Stainless Steel
DS-RN02C,002-7697,Wall-Mounted Mic/Line Dante Interface 0 x 2 - Stainess Steel (Custom Labeled) (See Part # ZCST-LBL for setup charge)
DS-RN12,001-7707,Wall-Mounted Bi-Directional Mic/Line Dante Interface 1 x 2 - Stainless Steel
DS-RN12C,002-7707,Wall-Mounted Bi-Directional Mic/Line Dante Interface 1 x 2 - Stainless Steel  (Custom Labeled) (See Part # ZCST-LBL for setup charge)
DS-RN22,001-7692,Wall-Mounted Bi-Directional Mic/Line Dante Interface 2 x 2 - Stainless Steel
DS-RN22C,002-7692,Wall-Mounted Bi-Directional Mic/Line Dante Interface 2 x 2 - Stainless Steel (Custom Labeled) (See Part # ZCST-LBL for setup charge)
DS-RN2ML,001-7712,Wall-Mounted Bi-Directional Mic/Line Dante Interface 2 x 2 - Stainless Steel
DS-RN2MLC,002-7712,Wall-Mounted Bi-Directional Mic/Line Dante Interface 2 x 2 - Stainless Steel (Custom Labeled) (See Part # ZCST-LBL for setup charge)
DS-RT2,001-5579,Remote Control Selector - stainless steel
DS-RT2C,002-5579,Remote Control Selector - stainless steel (Custom Labeled) (See Part # ZCST-LBL for setup charge)
DS-SFRC8,001-5638,Room Control Station for SourceFlex Distributed Audio System - SS
DS-SFRC8C,002-5638,Room Control Station for SourceFlex Distributed Audio System - SS (Custom Labeled) (See Part # ZCST-LBL for setup charge)
DS-SFRC8L,001-5643,Audio Selector for SourceFlex Distributed Audio System - SS
DS-SFRC8LC,002-5643,Audio Selector for SourceFlex Distributed Audio System - SS (Custom Labeled) (See Part # ZCST-LBL for setup charge)
DS-SH1,001-5353,Stereo Headphone Amplifier - Decora® panel with user level control
DS-SH1C,002-5353,Stereo Headphone Amplifier - Decora® panel with user level control (Custom Labeled) (See Part # ZCST-LBL for setup charge)
DS-SH1M ,001-5397,Stereo Headphone Amplifier - stainless Decora® panel with user level control
DS-SH1MC,002-5397,Stereo Headphone Amplifier - stainless Decora® panel with user level control (Custom Labeled) (See Part # ZCST-LBL for setup charge)
DS-SP1A,001-5649,2 Watt Decora-Style 8 Ohm Loudspeaker - Stainless Steel
DS-TPA1A,001-4673,3.5 Watt Decora® Audio Power Amplifier - Stainless (Compatible with Guest Room Audio System)
DS-TPA1AC,002-4673,3.5 Watt Decora® Audio Power Amplifier - Stainless (Compatible with Guest Room Audio System) (Custom Labeled) (See Part # ZCST-LBL for setup charge)
DS-TPR1A,001-4545,Active Single-Pair Receiver - Twisted Pair Format-A - XLR mic/line output - Stainless
DS-TPR1AC,002-4545,Active Single-Pair Receiver - Twisted Pair Format-A - XLR mic/line output - Stainless (Custom Labeled) (See Part # ZCST-LBL for setup charge)
DS-TPR2A,001-4550,Active Two-Pair Receiver - Twisted Pair Format-A - stereo phono jack outputs - Stainless
DS-TPR2AC,002-4550,Active Two-Pair Receiver - Twisted Pair Format-A - stereo phono jack outputs - Stainless (Custom Labeled) (See Part # ZCST-LBL for setup charge)
DS-TPR3A,001-4555,Active Three-Pair Receiver - Twisted Pair Format-A - XLR & stereo phono out - Stainless
DS-TPR3AC,002-4555,Active Three-Pair Receiver - Twisted Pair Format-A - XLR & stereo phono out - Stainless (Custom Labeled) (See Part # ZCST-LBL for setup charge)
DS-TPRX3A,001-5633,Three Input Format-A Source Selector - SS
DS-TPRX3AC,002-5633,Three Input Format-A Source Selector - SS (Custom Labeled) (See Part # ZCST-LBL for setup charge)
DS-TPS1A,001-4530,Active Single-Pair Sender - Twisted Pair Format-A - XLR mic input w phantom - Stainless
DS-TPS1AC,002-4530,Active Single-Pair Sender - Twisted Pair Format-A - XLR mic input w phantom - Stainless (Custom Labeled) (See Part # ZCST-LBL for setup charge)
DS-TPS2A,001-4535,Active Two-Pair Sender - Twisted Pair Format-A - stereo phono jack inputs - Stainless
DS-TPS2AC,002-4535,Active Two-Pair Sender - Twisted Pair Format-A - stereo phono jack inputs - Stainless (Custom Labeled) (See Part # ZCST-LBL for setup charge)
DS-TPS2AM,001-4509,Active Two-Pair Sender - Twisted Pair Format-A - XLR microphone & stereo Mini-jack in - Stainless
DS-TPS2AMC,002-4509,Active Two-Pair Sender - Twisted Pair Format-A - XLR microphone & stereo Mini-jack in - Stainless (Custom Labeled) (See Part # ZCST-LBL for setup charge)
DS-TPS3A,001-4540,Active Three-Pair Sender - Twisted Pair Format-A - XLR mic & stereo phono in - Stainless
DS-TPS3AC,002-4540,Active Three-Pair Sender - Twisted Pair Format-A - XLR mic & stereo phono in - Stainless (Custom Labeled) (See Part # ZCST-LBL for setup charge)
DS-TPS6A,001-4630,Passive Single-Pair Sender - Twisted Pair Format-A - stereo phono jack inputs - Stainless
DS-TPS6AC,002-4630,Passive Single-Pair Sender - Twisted Pair Format-A - stereo phono jack inputs - Stainless (Custom Labeled) (See Part # ZCST-LBL for setup charge)
DS-TPS7A,001-4650,Passive Single-Pair Sender - Twisted Pair Format-A - Mini-Jack Input - Stainless
DS-TPS7AC,002-4650,Passive Single-Pair Sender - Twisted Pair Format-A - Mini-Jack Input - Stainless (Custom Labeled) (See Part # ZCST-LBL for setup charge)
DS-TPS8A,001-5603,Format-A Multiple Location Audio Sender - Stainless Steel (Compatible with Guest Room Audio System)
DS-TPS8AC,002-5603,Format-A Multiple Location Audio Sender - Stainless Steel (Compatible with Guest Room Audio System) (Custom Labeled) (See Part # ZCST-LBL for setup charge)
DS-TPSL1A,001-4684,Active Single-Pair Sender - Twisted Pair Format-A - Mini-Jack & Stereo RCA In - Stainless
DS-TPSL1AC,002-4684,Active Single-Pair Sender - Twisted Pair Format-A - Mini-Jack & Stereo RCA In - Stainless (Custom Labeled) (See Part # ZCST-LBL for setup charge)
DS-TPSL2A,001-4688,Active Two-Pair Sender - Twisted Pair Format-A - XLR Microphone & Stereo RCA In - Stainless
DS-TPSL2AC,002-4688,Active Two-Pair Sender - Twisted Pair Format-A - XLR Microphone & Stereo RCA In - Stainless (Custom Labeled) (See Part # ZCST-LBL for setup charge)
DS-TPSM2A,001-4693,Active Two-Pair Sender Dual Microphone Preamplifier - Format-A - Stainless
DS-TPSM2AC,002-4693,Active Two-Pair Sender Dual Microphone Preamplifier - Format-A - Stainless Steel (Custom Labeled) (See Part # ZCST-LBL for setup charge)
DS-TPSML1A,001-4699,Active Single-Pair Sender - UTP Format-A - XLR mic/line input w phantom – Stainelss
DS-TPSML1AC,002-4699,Active Single-Pair Sender - UTP Format-A - XLR mic/line input w phantom – Stainelss (Custom Labeled) (See Part # ZCST-LBL for setup charge)
DS-XLR2,001-5222,XLR 3-pin Female & 3-pin Male on D Plate - Terminal block connections - Stainless Steel
DS-XLR2C,002-5222,XLR 3-pin Female & 3-pin Male on D Plate - Terminal block connections - Stainless Steel (Custom Labeled) (See Part # ZCST-LBL for setup charge)
DS-XLR2F,001-5224,Dual XLR 3-pin Female Jacks on D Plate - Terminal block connections - Stainless Steel
DS-XLR2FC,002-5224,Dual XLR 3-pin Female Jacks on D Plate - Terminal block connections - Stainless Steel (Custom Labeled) (See Part # ZCST-LBL for setup charge)
DS-XLR2M,001-5226,Dual XLR 3-pin Male Jacks on D Plate - Terminal block connections - Stainless Steel
DS-XLR2MC,002-5226,Dual XLR 3-pin Male Jacks on D Plate - Terminal block connections - Stainless Steel (Custom Labeled) (See Part # ZCST-LBL for setup charge)
DS-XLR3F,001-5228,XLR 3-pin Female Jack on D Plate - Terminal block connections - Stainless Steel
DS-XLR3FC,002-5228,XLR 3-pin Female Jack on D Plate - Terminal block connections - Stainless Steel (Custom Labeled) (See Part # ZCST-LBL for setup charge)
DS-XLR3M,001-5230,XLR 3-pin Male Jack on D Plate - Terminal block connections - Stainless Steel
DS-XLR3MC,002-5230,XLR 3-pin Male Jack on D Plate - Terminal block connections - Stainless Steel (Custom Labeled) (See Part # ZCST-LBL for setup charge)
DTB,001-0047,STICK-ON Series Detachable Terminal Block
D-TPA1A,001-4670,3.5 Watt Decora® Audio Power Amplifier (Compatible with Guest Room Audio System)
D-TPA1AC,002-4670,3.5 Watt Decora® Audio Power Amplifier (Compatible with Guest Room Audio System) (Custom Labeled) (See Part # ZCST-LBL for setup charge)
D-TPR1A,001-4515,Active Single-Pair Receiver - Twisted Pair Format-A  - XLR mic/line output
D-TPR1AC,002-4515,Active Single-Pair Receiver - Twisted Pair Format-A  - XLR mic/line output (Custom Labeled) (See Part # ZCST-LBL for setup charge)
D-TPR2A,001-4520,Active Two-Pair Receiver - Twisted Pair Format-A  - stereo phono jack outputs
D-TPR2AC,002-4520,Active Two-Pair Receiver - Twisted Pair Format-A  - stereo phono jack outputs (Custom Labeled) (See Part # ZCST-LBL for setup charge)
D-TPR3A,001-4525,Active Three-Pair Receiver - Twisted Pair Format-A  - XLR and stereo phono outputs
D-TPR3AC,002-4525,Active Three-Pair Receiver - Twisted Pair Format-A  - XLR and stereo phono outputs (Custom Labeled) (See Part # ZCST-LBL for setup charge)
D-TPRX3A,001-5630,Three Input Format-A Source Selector
D-TPRX3AC,002-5630,Three Input Format-A Source Selector (Custom Labeled) (See Part # ZCST-LBL for setup charge)
D-TPS1A,001-4500,Active Single-Pair Sender - Twisted Pair Format-A - XLR mic input w phantom
D-TPS1AC,002-4500,Active Single-Pair Sender - Twisted Pair Format-A - XLR mic input w phantom (Custom Labeled) (See Part # ZCST-LBL for setup charge)
D-TPS2A,001-4505,Active Two-Pair Sender - Twisted Pair Format-A - stereo phono jack inputs
D-TPS2AC,002-4505,Active Two-Pair Sender - Twisted Pair Format-A - stereo phono jack inputs (Custom Labeled) (See Part # ZCST-LBL for setup charge)
D-TPS2AM,001-4506,Active Two-Pair Sender - Twisted Pair Format-A - XLR microphone & stereo Mini-jack in
D-TPS2AMC,002-4506,Active Two-Pair Sender - Twisted Pair Format-A - XLR microphone & stereo Mini-jack in (Custom Labeled) (See Part # ZCST-LBL for setup charge)
D-TPS3A,001-4510,Active Three-Pair Sender - Twisted Pair Format-A - XLR mic & stereo phono in
D-TPS3AC,002-4510,Active Three-Pair Sender - Twisted Pair Format-A - XLR mic & stereo phono in (Custom Labeled) (See Part # ZCST-LBL for setup charge)
D-TPS6A,001-4625,Passive Single-Pair Sender - Twisted Pair Format-A - stereo phono jack inputs
D-TPS6AC,002-4625,Passive Single-Pair Sender - Twisted Pair Format-A - stereo phono jack inputs (Custom Labeled) (See Part # ZCST-LBL for setup charge)
D-TPS7A,001-4645,Passive Single-Pair Sender - Twisted Pair Format-A - Mini-Jack Input
D-TPS7AC,002-4645,Passive Single-Pair Sender - Twisted Pair Format-A - Mini-Jack Input (Custom Labeled) (See Part # ZCST-LBL for setup charge)
D-TPS8A,001-5600,Format-A Multiple Location Audio Sender (Compatible with Guest Room Audio System)
D-TPS8AC,002-5600,Format-A Multiple Location Audio Sender (Compatible with Guest Room Audio System) (Custom Labeled) (See Part # ZCST-LBL for setup charge)
D-TPSL1A,001-4680,Active Single-Pair Sender - Twisted Pair Format-A - Mini-Jack & Stereo RCA In
D-TPSL1AC,002-4680,Active Single-Pair Sender - Twisted Pair Format-A - Mini-Jack & Stereo RCA In (Custom Labeled) (See Part # ZCST-LBL for setup charge)
D-TPSL2A,001-4685,Active Two-Pair Sender - Twisted Pair Format-A - XLR Microphone & Stereo RCA In
D-TPSL2AC,002-4685,Active Two-Pair Sender - Twisted Pair Format-A - XLR Microphone & Stereo RCA In (Custom Labeled) (See Part # ZCST-LBL for setup charge)
D-TPSM2A,001-4690,Active Two-Pair Sender Dual Microphone Preamplifier - Format-A - White
D-TPSM2AC,002-4690,Active Two-Pair Sender Dual Microphone Preamplifier - Format-A - White (Custom Labeled) (See Part # ZCST-LBL for setup charge)
D-TPSML1A,001-4695,Active Single-Pair Sender - UTP Format-A - XLR mic/line input w phantom – White
D-TPSML1AC,002-4695,Active Single-Pair Sender - UTP Format-A - XLR mic/line input w phantom – White (Custom Labeled) (See Part # ZCST-LBL for setup charge)
D-XLR2,001-0148,XLR 3-pin Female & 3-pin Male on D Plate - Terminal block connections
D-XLR2C,002-0148,XLR 3-pin Female & 3-pin Male on D Plate - Terminal block connections (Custom Labeled) (See Part # ZCST-LBL for setup charge)
D-XLR2F,001-0146,Dual XLR 3-pin Female Jacks on D Plate - Terminal block connections
D-XLR2FC,002-0146,Dual XLR 3-pin Female Jacks on D Plate - Terminal block connections (Custom Labeled) (See Part # ZCST-LBL for setup charge)
D-XLR2M,001-0147,Dual XLR 3-pin Male Jacks on D Plate - Terminal block connections
D-XLR2MC,002-0147,Dual XLR 3-pin Male Jacks on D Plate - Terminal block connections (Custom Labeled) (See Part # ZCST-LBL for setup charge)
D-XLR3F,001-0136,XLR 3-pin Female Jack on D Plate - Terminal block connections
D-XLR3FC,002-0136,XLR 3-pin Female Jack on D Plate - Terminal block connections (Custom Labeled) (See Part # ZCST-LBL for setup charge)
D-XLR3M,001-0135,XLR 3-pin Male Jack on D Plate - Terminal block connections
D-XLR3MC,002-0135,XLR 3-pin Male Jack on D Plate - Terminal block connections (Custom Labeled) (See Part # ZCST-LBL for setup charge)
EC-6,001-0501,AC Extension Cord (6 pack) - North American - 6 in.
EP-1W,001-0205,European Plate Adapters for One Single D-Style Decora Product - white 
EP-1B,001-0206,European Plate Adapters for One Single D-Style Decora Product - black 
EP-2W,001-0200,European Plate Adapters for Two Single D-Style or One Dual-Decora DD-Style Product - white
EP-2B,001-0201,European Plate Adapters for Two Single D-Style or One Dual-Decora DD-Style Product - black
EU-BTN21,001-7725,Bluetooth® Audio Dante Network Interface
EZ-ADA4,001-1600,Stereo Audio Distribution Amplifier - 1X4 
EZ-ADA4X,001-1602,Stereo Audio Distribution Amplifier - 1X4 
EZ-ADA4Y,001-1603,Stereo Audio Distribution Amplifier - 1X4  (No Power Supply)
EZ-AFC2,001-1500,Audio Format Converter - Stereo Balanced ↔ Unbalanced 
EZ-AFC2X,001-1502,Audio Format Converter - Stereo Balanced ↔ Unbalanced 
EZ-AFC2Y,001-1503,Audio Format Converter - Stereo Balanced ↔ Unbalanced  (No Power Supply)
EZ-AVX4,001-1555,Composite Video and Stereo Audio Input Switcher - 4X1.  Note: This product is active but Not Recommended for New Designs (NRND); available while supplies last.
EZ-CC6,001-1622,Component Chassis for 6 Increments of 1/6 Rack Width
EZ-DC1,001-1625,Desktop Chassis for 1/6 Rack Width EZ Products  Note: This product is active but Not Recommended for New Designs (NRND); available while supplies last.
EZ-DC2,001-1627,Desktop Chassis for 1/3 Rack Width EZ Products
EZ-FP1,001-1629,Filler Panel - 1/6 Rack Width for EZ-RA6 or EZ-CC6
EZ-HDA4A,001-1515,Stereo Headphone Distribution Amp - 1X4 Front-Panel Outputs
EZ-HDA4AX,001-1517,Stereo Headphone Distribution Amp - 1X4 Front-Panel Outputs
EZ-HDA4AY,001-1518,Stereo Headphone Distribution Amp - 1X4 Front-Panel Outputs (No Power Supply)
EZ-HDA4B,001-1520,Stereo Headphone Distribution Amp - 1X4 Rear-Panel Outputs
EZ-HDA4BX,001-1522,Stereo Headphone Distribution Amp - 1X4 Rear-Panel Outputs
EZ-HDA4BY,001-1523,Stereo Headphone Distribution Amp - 1X4 Rear-Panel Outputs (No Power Supply)
EZ-HDA6,001-1525,Stereo Headphone Distribution Amp - 1X6 Rear-Panel Outputs
EZ-HDA6X,001-1527,Stereo Headphone Distribution Amp - 1X6 Rear-Panel Outputs
EZ-HDA6Y,001-1528,Stereo Headphone Distribution Amp - 1X6 Rear-Panel Outputs (No Power Supply)
EZ-HK1,001-1655,"Stereo Audio ""HUM KILLER"""
EZ-HK2,001-1660,"Composite Video ""HUM KILLER"""
EZ-HK3,001-1650,"Stereo Audio/Composite Video ""HUM KILLER"""
EZ-HSX4,001-1560,Stereo Audio Input Switcher with Headphone Amp - 4X1
EZ-HSX4X,001-1562,Stereo Audio Input Switcher with Headphone Amp - 4X1
EZ-HSX4Y,001-1563,Stereo Audio Input Switcher with Headphone Amp - 4X1 (No Power Supply)
EZ-MCP1,001-1645,Microphone Compressor
EZ-MCP1X,001-1647,Microphone Compressor
EZ-MCP1Y,001-1648,Microphone Compressor (No Power Supply)
EZ-MPA1,001-1615,Microphone Preamplifier - Stereo Output with Compressors
EZ-MPA1X,001-1617,Microphone Preamplifier - Stereo Output with Compressors
EZ-MPA1Y,001-1618,Microphone Preamplifier - Stereo Output with Compressors (No Power Supply)
EZ-MPA2,001-1620,Dual Microphone Preamplifier - Stereo Output with Compressors
EZ-MPA2X,001-1621,Dual Microphone Preamplifier - Stereo Output with Compressors
EZ-MPA2Y,001-1623,Dual Microphone Preamplifier - Stereo Output with Compressors (No Power Supply)
EZ-MX4L,001-1605,Stereo Line-Level Audio Mixer - 4X1
EZ-MX4LX,001-1607,Stereo Line-Level Audio Mixer - 4X1
EZ-MX4LY,001-1608,Stereo Line-Level Audio Mixer - 4X1 (No Power Supply)
EZ-MX4ML,001-1610,Mic and Stereo Line Audio Mixer - 4X1
EZ-MX4MLX,001-1612,Mic and Stereo Line Audio Mixer - 4X1
EZ-MX4MLY,001-1613,Mic and Stereo Line Audio Mixer - 4X1 (No Power Supply)
EZ-MXA20,001-1505,20 Watt Stereo Audio Mixer Amplifier with EQ
EZ-MXA20X,001-1507,20 Watt Stereo Audio Mixer Amplifier with EQ
EZ-MXA20Y,001-1508,20 Watt Stereo Audio Mixer Amplifier with EQ (No Power Supply)
EZ-PA20,001-1510,20 Watt Stereo Audio Power Amplifier
EZ-PA20X,001-1512,20 Watt Stereo Audio Power Amplifier
EZ-PA20Y,001-1513,20 Watt Stereo Audio Power Amplifier (No Power Supply)
EZ-PD3,001-1665,24 Vdc Power Distributor - 1x3
EZ-PH1,001-1570,Stereo Phono Preamplifier
EZ-PH1X,001-1572,Stereo Phono Preamplifier
EZ-PH1Y,001-1573,Stereo Phono Preamplifier (No Power Supply)
EZ-RA6,001-1630,Rack Adapter for 6 Increments of 1/6 Rack Width
EZ-SD1,001-1633,Storage Drawer - 1/6 Rack Width for EZ-RA6 or EZ-CC6  Note: This product is active but Not Recommended for New Designs (NRND); available while supplies last.
EZ-SD2,001-1635,Storage Drawer - 1/3 Rack Width for EZ-RA6 or EZ-CC6
EZ-SMB1,001-1637,Surface Mount Bezel for 1/6 Rack Width EZ Products  Note: This product is active but Not Recommended for New Designs (NRND); available while supplies last.
EZ-SMB2,001-1639,Surface Mount Bezel for 1/3 Rack Width EZ Products
EZ-SX4,001-1565,Stereo Audio Input Switcher - 4X1
EZ-SX4X,001-1567,Stereo Audio Input Switcher - 4X1
EZ-SX4Y,001-1568,Stereo Audio Input Switcher - 4X1 (No Power Supply)
EZ-UCB2,001-1640,Under Counter Bracket Pair for all EZ Product Widths
EZ-VDA2B,001-1535,Video Distribution Amplifier - 1X2 BNC NTSC/PAL
EZ-VDA2BY,001-1538,Video Distribution Amplifier - 1X2 BNC NTSC/PAL (No Power Supply)
EZ-VDA3B,001-1540,Video Distribution Amplifier - 1X3 BNC NTSC/PAL
EZ-VDA3BX,001-1542,Video Distribution Amplifier - 1X3 BNC NTSC/PAL
EZ-VDA3BY,001-1543,Video Distribution Amplifier - 1X3 BNC NTSC/PAL (No Power Supply)
FP-ALC1,001-2085,Automatic Level Control - Mono - Terminals
FP-ALC2,001-2087,Automatic Level Control - Stereo - Phono Jacks
FP-AVDA4,001-2010,Stereo Audio/Video Distributor - 1x4 - Phono Jacks
FP-BUC2,001-2055,Balanced to Unbalanced Converter - 2 channel
FP-CH8,001-2090,Chime Generator
FP-CT1,001-5115,Locking Cable Tie Bracket for FP-RRA  and FP-RRAH
FP-DCC1,001-2000,12 Vdc to 24 Vdc Converter
FP-DFC2,001-2135,Digital Audio Format Converter (24/192)
FP-HRA,001-2178,"10.4"" Rack Mount for FLAT-PAK Series Products"
FP-MP1,001-2070,Studio Quality Mic Preamp w/ Phantom - Terminals & XLR
FP-MPA2,001-2060,"Dual Mic Phantom Adapter 12, 24, 48 V - XLR"
FP-MR2,001-2170,Message Repeater
FP-MX3R,001-2140,Remote Controlled Line-Level Mixer
FP-MX4,001-2080,4 Mic or Line Input Mixer - Mic and Line Out
FP-NML2,001-2195,Network to Mic/Line Interface - Dante Input - 2 Balanced Mic/Line Outputs
FP-NML2P,001-2200,Network to Mic/Line Interface - Dante Input - 2 Balanced Mic/Line Outputs - with PoE
FP-NML2V,001-2185,Network to Mic/Line Interface with VCA - Dante Input - 2 Balanced Mic/Line Outputs
FP-NML2VP,001-2190,Network to Mic/Line Interface with VCA - Dante Input - 2 Balanced Mic/Line Outputs - with PoE
FP-PA18,001-2155,18 W Audio Power Amplifier with Power Supply
FP-PA18H,001-2160,18 W High Ambient Temperature Audio Power Amplifier with Power Supply
FP-PA18HX,001-2161,18 W High Ambient Temperature Audio Power Amplifier with Power Supply - Export Model 
FP-PA18HY,001-2163,18 W High Ambient Temperature Audio Power Amplifier (No Power Supply)
FP-PA18X,001-2156,18 W Audio Power Amplifier with Power Supply - Export Model
FP-PA18Y,001-2157,18 W Audio Power Amplifier  (No Power Supply)
FP-PA20,001-2110,Power Amplifier - 20 W 8 Ohm
FP-PA20A,001-2100,Power Amplifier - 20 W 70 & 100 V Outputs
FP-PA20B,001-2115,Power Amplifier - 20 W 25 V Outputs
FP-PA35A,001-2150,"Audio Amplifier 35 W, 25 V / 70 V / 100 V with Power Supply"
FP-PA35AY,001-2153,"Audio Amplifier 35 W, 25 V / 70 V / 100 V  (No Power Supply)"
FP-PEQ3,001-2075,3 Band Parametric Equalizer - Terminals/Phono Jacks
FP-PSB1A,001-2120,Power Supply Mounting Bracket
FP-RRA,001-2035,Rack Adapter FLAT-PAK  Series - 19 in. Fixed
FP-RRAH,001-2040,Rack Adapter FLAT-PAK Series - 19 in. Hinged
FP-RRB1,001-5214,Rear rack rail mounting kit for any FLAT-PAK module
FP-SPR1,001-2065,SPDIF Repeater / Amplifier
FP-TP4PW,001-2130,Power Inserter - Twisted Pair - four sets of outputs - signal loop-through
FP-TPS4A,001-2175,Format-A Two-Pair Audio Sender (Compatible with Guest Room Audio System)
FP-TPSR4A,001-2180,Format-A Audio Sender/Receiver (Compatible with Guest Room Audio System)
FP-TPX3A,001-2145,Format-A Twisted Pair Remote Controlled Mixer 
FP-UBC2,001-2025,Unbalanced to Balanced Converter - 2 Channel
FP-UBC6,001-2030,Unbalanced to Balanced Converter - 6 Channel
FP-VDA4,001-2020,NTSC/PAL Video Distribution Amp - 1x4 - BNC
GB6,001-0123,Grounding Bar for TS-1D Modules
HD-ASC1,001-3390,HD Series Amplifier Security Cover
HD-BP1,001-3385,HD Series Amplifier BACK-PACK Rear Cover
HD-FP1,001-3375,HD Series Filler Panel
HD-FP2L,001-3380,HD Series Filler Panel with Lens  Note: This product is active but Not Recommended for New Designs (NRND); available while supplies last.
HD-HRA1,001-3447,"10.4"" Rack Mount for HD Series Products"
HD-MA35,001-3404,35 Watt Mixer Amplifier - 4/8 Ohm Outputs
HD-MA35A,001-3405,"35 Watt Mixer Amplifier - 25 V, 70 V, 100 V Outputs"
HD-MA35AX,001-3407,"35 Watt Mixer Amplifier - 25 V, 70 V, 100 V Outputs - Export Model - Excludes Power Cord"
HD-MA35AY,001-3408,"35 Watt Mixer Amplifier - 25 V, 70 V, 100 V Outputs (No Power Supply)"
HD-MA35Y,001-3406,35 Watt Mixer Amplifier - 4/8 Ohm Outputs (No Power Supply)
HD-MA35U,001-3335,35 Watt Mixer Amplifier - 4/8 Ohm Outputs
HD-MA35UY,001-3338,35 Watt Mixer Amplifier - 4/8 Ohm Outputs (No Power Supply)
HD-MA35UA,001-3345,"35 Watt Mixer Amplifier - 25 V, 70 V, 100 V Outputs"
HD-MA35UAY,001-3348,"35 Watt Mixer Amplifier - 25 V, 70 V, 100 V Outputs (No Power Supply)"
HD-PA35,001-3410,35 Watt Power Amplifier - 4/8 Ohm Outputs
HD-PA35A,001-3415,"35 Watt Audio Power Amplifier - 25 V, 70 V, 100 V Outputs"
HD-PA35AX,001-3417,"35 Watt Audio Power Amplifier - 25 V, 70 V, 100 V Outputs - Export Model - Excludes Power Cord"
HD-PA35AY,001-3418,"35 Watt Audio Power Amplifier - 25 V, 70 V, 100 V Outputs (No Power Supply)"
HD-PA35U,001-3360,35 Watt Power Amplifier - 4/8 Ohm Outputs
HD-PA35UA,001-3365,"35 Watt Audio Power Amplifier - 25 V, 70 V, 100 V Outputs"
HD-PA35UAY,001-3368,"35 Watt Audio Power Amplifier - 25 V, 70 V, 100 V Outputs (No Power Supply)"
HD-PA35UX,001-3362,35 Watt Power Amplifier - 4/8 Ohm Outputs - Export Model - Excludes Power Cord  Note: This product is active but Not Recommended for New Designs (NRND); available while supplies last.
HD-PA35UY,001-3353,35 Watt Power Amplifier - 4/8 Ohm Outputs (No Power Supply)
HD-PA35X,001-3412,35 Watt Power Amplifier - 4/8 Ohm Outputs - Export Model - Excludes Power Cord
HD-PA35Y,001-3413,35 Watt Power Amplifier - 4/8 Ohm Outputs (No Power Supply)
HD-RA2,001-3370,HD Series Rack Adapter
HD-RA35U,001-3350,35 Watt Remote Mixer Amplifier - 4/8 Ohm Outputs
HD-RA35UA,001-3355,"35 Watt Remote Mixer Amplifier - 25 V, 70 V, 100 V Outputs"
HD-RA35UAX,001-3357,"35 Watt Remote Mixer Amplifier - 25 V, 70 V, 100 V Outputs - Export Model - Excludes Power Cord  Note: This product is active but Not Recommended for New Designs (NRND); available while supplies last."
HD-RA35UAY,001-3358,"35 Watt Remote Mixer Amplifier - 25 V, 70 V, 100 V Outputs (No Power Supply)"
HD-RA35UX,001-3352,35 Watt Remote Mixer Amplifier - 4/8 Ohm Outputs - Export Model - Excludes Power Cord
HD-RA35UY,001-3363,35 Watt Remote Mixer Amplifier - 4/8 Ohm Outputs (No Power Supply)
HD-WM1,001-3435,"Wall Mount Bracket for HD Series Amplifiers with ""U"" in Model Number"
HD-WM2,001-3438,"Wall Mount Bracket for HD Series Amplifiers without ""U"" in Model Number"
HR-ADC1,001-3310,Analog to Digital Converter
HR-DAC1,001-3275,D to A Converter - 24/192 - AES/EBU and S/PDIF
HR-DDA4,001-3255,Digital Audio Distributor - AES/EBU and S/PDIF
HR-DSX4,001-3265,Digital Audio Selector - AES/EBU and S/PDIF
HR-FP1,001-3273,HALF-RACK Filler Panel
HR-HRA1,001-3445,"10.4"" Rack Mount for Half Rack Series Products"
HR-MCP2,001-3440,Dual Channel Microphone Compressor
HR-MP2,001-3325,Dual Microphone Preamplifier
HR-MP2A,001-3332,Dual Microphone Preamplifier
HR-RA2,001-3270,Rack adapter for HALF-RACK series
HR-RU1,001-3290,Mounting Adapter Kit for a RACK-UP Module
HR-UDC1,001-3260,Universal Digital Audio Converter - AES/EBU and S/PDIF
MB-1,001-0072,Mounting Kit - ST and TX Series
MB-2,001-0073,Mounting Kit - TX Series
MB-3,001-5055,"Kit to Mount ST, TX Series Modules on FP Panel"
MBR-1U,001-5205,Installation of 1 RU product under a shelf
MSR-1,001-0074,Snap Rail Adapter - STICK-ON Series
PM-1T,001-5195,Pole Mount Tray
PM-3T,001-5535,Pole Mount Tray - black
PM-3TW,001-5539,Pole Mount Tray - white
PS-24AS,001-0507,"24 Vdc Switching Power Supply, North American AC Plug, 500 mA, dc Plug"
PS-24AX,001-0510,"24 Vdc Switching Power Supply, Interchangeable AC Plug, 500 mA, dc Plug"
PS-24KS,001-0508,"24 Vdc Switching Power Supply, North American AC Plug, 1 A, dc Plug"
PS-24KX,001-0509,"24 Vdc Switching Power Supply, Interchangeable AC Plug, 1 A, dc Plug"
PS-24V3,001-0512,"24 Vdc Switching Power Supply, no cord, 3 A, dc Plug (Replaces PS-24V2)"
PS-24V3A,001-0511,"24 Vdc Switching Power Supply, with North American cord, 3 A, dc Plug (Replaces PS-24V2A)"
PT-AMG2,001-4010,Portable Audio Signal Generator & Monitor
PT-ASG1,001-4000,Portable Audio Signal Generator
PT-TLS1,001-4001,PT Replacement Test Lead Set (Female XLR & clip leads)
PT-TLS2,001-4002,PT Replacement Test Lead Set (Male XLR & clip leads)
RC-1UR,001-3580,19” Universal Rack Chassis
RC-HPS1,001-5555,"10.4"" Rack Mount for Desktop Power Supply and TX Module"
RC-HPS3,001-5550,"10.4"" Rack Mount for 3 Desktop Power Supplies  Note: This product is active but Not Recommended for New Designs (NRND); available while supplies last."
RC-PS5,001-5510,"19"" Rack Mount for 5 Desktop Power Supplies"
RCX-5C,001-9075,Room Combining System Controller
RCX-5CM,001-9200,Room Combining System Controller - with mic muting
RCX-BZL,001-9150,Bezel for RCX-CD1
RCX-CD1,001-9095,Remote Control for RCX-5C Room Combiner
RCX-CD1L,001-9096,"Remote Control for RCX-5C Room Combiner, with key lock"
RK-2U,001-5145,19” Utility Rack Chassis - 2 RU
RK-2UX,001-5150,19” Utility Rack Chassis 2 RU Extension
RM-D3,001-5325,Rack Mount for 3 Decora® Modules - 1 RU
RM-D9,001-5330,Rack Mount for 9 Decora® Modules - 3 RU
RM-DFP1,001-5355,Decora® Filler Panel for RM-D3 or RM-D9
RM-FP1,001-2045,One Rack Unit Filler Panel - 19 inch rack
RM-FP2,001-2050,Two Rack Unit Filler Panel - 19 inch rack
RM-MP12A,001-9065,Audio Monitor Panel - 12 Line or Speaker Inputs
RU2-CS1,001-9235,Serial Controlled Interface - Computer Control
RU-ADA4D,001-3425,"Audio Distribution Amplifier - Balanced/Unbalanced - 2x4, 1x8"
RU-ADA8D,001-3430,"Audio Distribution Amplifier - Balanced/Unbalanced - 2x8, 1x16"
RU-ADL2,001-3205,Professional Audio Delay
RU-AFC2,001-3420,Audio Format Converter
RU-ASX4D,001-3475,4x1 Stereo Balanced Audio Switcher - Terminal Block
RU-ASX4DR,001-3480,4x1 Stereo Balanced Audio Switcher - Terminal Block
RU-AVX4,001-3200,Audio/Video Switcher - 4x1 - Phono.  Note: This product is active but Not Recommended for New Designs (NRND); available while supplies last.
RU-BNF,001-3555,"Format A Bi-Directional Network Interface - Format A, Bal Line Aux Inputs, Dante Input - 3 Format A, 1 Balanced Line Aux Outputs, Dante Output"
RU-BNFP,001-3560,"Format A Bi-Directional Network Interface - Format A, Bal Line Aux Inputs, Dante Input - 3 Format A, 1 Balanced Line Aux Outputs, Dante Output - with PoE"
RU-BR1,001-3070,Mounting Bracket for RACK-UP Series
RU-D1,001-3573,RACK-UP Mount for Decora® Module
RU-EQ3,001-3021,Three Band Equalizer with Knobs - Terminals
RU-FN,001-3565,"Format A to Network Interface - 1 Format A, 1 Balanced Line Aux Inputs - Dante Output"
RU-FNP,001-3570,"Format A to Network Interface - 1 Format A, 1 Balanced Line Aux Inputs - Dante Output - with PoE"
RU-FP1R,001-3583,RACK-UP Filler Panel
RU-HRA1,001-3450,"10.4"" Rack Mount for RACK-UP Series Products"
RU-LB2,001-3515,"Line-Level Bi-Directional Network Interface - 2 Balanced Line Inputs, Dante Input - 2 Balanced Line Outputs, Dante Output"
RU-LB2P,001-3520,"Line-Level Bi-Directional Network Interface - 2 Balanced Line Inputs, Dante Input - 2 Balanced Line Outputs, Dante Output - with PoE"
RU-LB4,001-3505,"Line-Level Bi-Directional Network Interface - 4 Balanced Line Inputs, Dante Input - 4 Balanced Line Outputs, Dante Output"
RU-LB4P,001-3510,"Line-Level Bi-Directional Network Interface - 4 Balanced Line Inputs, Dante Input - 4 Balanced Line Outputs, Dante Output - with PoE"
RU-MLA2,001-3215,Dual Mic / Line Preamplifier
RU-MLA2T,001-3220,Dual Mic / Line Preamplifier
RU-MLB2,001-3535,"Mic/Line Bi-Directional Network Interface - 2 Switchable Mic or Line Inputs, Dante Input - 2 Balanced Line Outputs, Dante Output"
RU-MLB2P,001-3540,"Mic/Line Bi-Directional Network Interface - 2 Switchable Mic or Line Inputs, Dante Input - 2 Balanced Line Outputs, Dante Output - with PoE"
RU-MLB4,001-3525,"Mic/Line Bi-Directional Network Interface - 4 Switchable Mic or Line Inputs, Dante Input - 4 Balanced Line Outputs, Dante Output"
RU-MLB4P,001-3530,"Mic/Line Bi-Directional Network Interface - 4 Switchable Mic or Line Inputs, Dante Input - 4 Balanced Line Outputs, Dante Output - with PoE"
RU-MLD4,001-3225,Mic / Line Distribution Amplifier
RU-MLD4T,001-3230,Mic / Line Distribution Amplifier
RU-MX4,001-3190,Pro 4 Input Mic/Line Mixer W/Phantom - Mic and Line Out
RU-MX4L,001-3195,Pro 4 Input Line Mixer - Mic and Line Out
RU-MX4LT,001-3198,Pro 4 Input Line Mixer - Mic and Line Out
RU-MX4T,001-3197,Pro 4 Input Mic/Line Mixer W/Phantom - Mic and Line Out
RU-MX5ML,001-3320,5 Input Mic/Line Mixer w/Phantom - Mic and Line Out
RU-NFD,001-3545,"Network to Format A Interface/Distributor - Dante Input - 3 Format A, 1 Balanced Line Aux Outputs"
RU-NFDP,001-3550,"Network to Format A Interface/Distributor - Dante Input - 3 Format A, 1 Balanced Line Aux Outputs - with PoE"
RU-NL2,001-3495,Network to Line Level Interface - Dante Input - 2 Balanced Line Outputs
RU-NL2P,001-3500,Network to Line Level Interface - Dante Input - 2 Balanced Line Outputs - with PoE
RU-NL4,001-3485,Network to Line Level Interface - Dante Input - 4 Balanced Line Outputs
RU-NL4P,001-3490,Network to Line Level Interface - Dante Input - 4 Balanced Line Outputs - with PoE
RU-NMP44,001-7670,Network Mixing Processor - 4 x 4 
RU-PA40D,001-3305,40 W Stereo Audio Power Amp with VCA & Power Supply - Includes North American Power Cord
RU-PA40DE,001-3308,40 W Stereo Audio Power Amp with VCA & Power Supply - Export Model - Excludes Power Cord
RU-PA40DY,001-3307,40 W Stereo Audio Power Amp with VCA  (No Power Supply)
RU-PA518,001-3056,Power Amplifier 5 W Stereo / 18 W Mono
RU-RA3R,001-3152,Rack adapter for RACK-UP series
RU-SC2,001-3031,RS-232/422 Serial Converter (Full-Duplex)
RU-SH1,001-3210,Stereo Headphone Amplifier
RU-SM16A,001-3465,2 Channel Audio Meter - Average/Peak/Hold
RU-SM16D,001-3470,4 Channel Audio Meter - Average/Peak/Hold
RU-SMA1,001-5208,RACK-UP Mounting Plate - mounts any RACK-UP module in a cabinet or other flat surface
RU-SQ6A,001-3235,Sequencing Controller
RU-TP4PW,001-3240,Power Inserter - Twisted Pair - four sets of outputs - signal loop-through
RU-TPDA,001-3245,Active Distributor - Twisted Pair Format-A - RDL Format-A input to Four outputs
RU-TPS4A,001-3250,Active Sender / Distributor - Twisted Pair Format-A - Three audio inputs to Four outputs
RU-UDA4,001-0065,Stereo Audio Distributor - 2x4 - Phono Jacks
RU-VA2,001-0064,Dual Adjustable Video Attenuator - BNC
RU-VCA2A,001-3455,Digitally Controlled 2 Channel Audio Attenuator
RU-VCA6A,001-3460,Digitally Controlled 6 Channel Audio Attenuator
RU-VDA4B,001-0056,NTSC/PAL Video Distribution Amp - 1x4 - BNC
RU-VSX4,001-3060,Video Switcher - 4x1 - BNC.    Note: This product is active but Not Recommended for New Designs (NRND); available while supplies last.
SAS-8C,001-9120,8 Station Audio Controller
SAS-8i,001-9225,Audio input chassis
SAS-HC8,001-9130,Headphone Control Station
SAS-HCB,001-9136,Headphone Control Bracket
SAS-HCT,001-9295,Mounting Bracket for SAS-HC8
SF-BNC2,001-7500,Bidirectional Unbalanced Stereo Audio Network Interface - Dante
SF-DN4,001-7510,Digital Audio to Network Interface - Dante
SF-MA100A,001-7660,Format-A to 100 W Mono Audio Mixer-Amplifier - 70 V or 100 V
SF-MA100AY,001-7662,Format-A to 100 W Mono Audio Mixer-Amplifier - 70 V or 100 V (No Power Supply)
SF-MSM1,001-7550,Microphone Stand Mount for SysFlex Modules
SF-ND2,001-7515,Network to Digital Audio Interface - Dante
SF-NH1,001-7520,Network to Stereo Headphone Amplifier - Dante
SF-NL2,001-7525,Network to Audio Interface - Dante
SF-NP100A,001-7667,Network to 100 W Mono Audio Amplifier - 70 V or 100 V
SF-NP100AY,001-7669,Network to 100 W Mono Audio Amplifier - 70 V or 100 V (No Power Supply)
SF-NP16E,001-7560,PoE+ Network to 16 W Mono Audio Amplifier - 70 V or 100 V - Dante
SF-NP35E,001-7565,PoE++ Network to 35 W Mono Audio Amplifier - 70 V or 100 V - Dante
SF-NP40D,001-7530,Network to 40 Watt Stereo Power Amplifier - Dante - Includes North American Power Cord
SF-NP40DE,001-7533,Network to 40 Watt Stereo Power Amplifier - Dante - Export Model - Excludes Power Cord
SF-NP40DY,001-7534,Network to 40 Watt Stereo Power Amplifier - Dante  (No Power Supply)
SF-NP50A,001-7570,Network to 50 W Mono Audio Amplifier - 70 V or 100 V - Dante - Includes North American Power Cord
SF-NP50AX,001-7573,Network to 50 W Mono Audio Amplifier - 70 V or 100 V - Dante - Export Model - Excludes Power Cord
SF-NP50AY,001-7574,Network to 50 W Mono Audio Amplifier - 70 V or 100 V - Dante  (No Power Supply)
SF-PA100A,001-7663,Format-A to 100 W Mono Audio Amplifier - 70 V or 100 V
SF-PA100AY,001-7665,Format-A to 100 W Mono Audio Amplifier - 70 V or 100 V (No Power Supply)
SF-PA50A,001-7575,50 W Mono Audio Amplifier - 70 V or 100 V - Includes North American Power Cord
SF-PA50AX,001-7578,50 W Mono Audio Amplifier - 70 V or 100 V - Export Model - Excludes Power Cord
SF-PA50AY,001-7579,50 W Mono Audio Amplifier - 70 V or 100 V (No Power Supply)
SF-RA1,001-7535,SysFlex Rack Adapter
SF-TPR24A,001-7640,Line-Level Receiver - 8 Twisted Pair Format-A Input Sections - 24 Audio Channels - Balanced Line Level Outputs on Detachable Terminal Blocks
SF-TPRS12A,001-7647,Line-Level Sender/Receiver - 4 Twisted Pair Format-A Input & 4 Output Sections - 12 Audio Channels Each - Balanced Line Level Inputs/Outputs on Detachable Terminal Blocks
SF-TPS24A,001-7643,Line-Level Sender - 8 Twisted Pair Format-A Output Sections - 24 Audio Channels - Balanced Line Level Inputs on Detachable Terminal Blocks
SF-UCB2,001-7555,Under Counter Bracket Pair for SysFlex Products
SF-UN1,001-7540,USB to Network Interface - Dante
SF-XMN4,001-7545,Microphone to Network Interface - Dante
SMB-1B,001-5342,Single Surface Mount Box for Decora® Remote Controls and Panels - black
SMB-1G,001-5341,Single Surface Mount Box for Decora® Remote Controls and Panels - gray
SMB-1W,001-5340,Single Surface Mount Box for Decora® Remote Controls and Panels - white
SMB-2B,001-5345,Double Single Surface Mount Box for Decora® Remote Controls and Panels - black
SMB-2G,001-5344,Double Surface Mount Box for Decora® Remote Controls and Panels - gray
SMB-2W,001-5343,Double Surface Mount Box for Decora® Remote Controls and Panels - white
SMB-3B,001-5364,Triple Surface Mount Box for Decora® Remote Controls and Panels - black
SMB-3G,001-5349,Triple Surface Mount Box for Decora® Remote Controls and Panels - gray
SMB-3W,001-5348,Triple Surface Mount Box for Decora® Remote Controls and Panels - white
SMB-4B,001-5365,Quadruple Surface Mount Box for Decora® Remote Controls and Panels -  black
SMB-4G,001-5347,Quadruple Surface Mount Box for Decora® Remote Controls and Panels - gray
SMB-4W,001-5346,Quadruple Surface Mount Box for Decora® Remote Controls and Panels - white
SMK-12,001-0046,STICK-ON Mounting Plate
SR-10,001-5065,STICK-ON Series Mounting Rack - 10 Modules
SR-12A,001-5210,STICK-ON Series Mounting Rack - 12 Modules
SR-4,001-5160,STICK-ON Series Mounting Rack - 7 Modules max.
SR-TB10,001-5165,Terminal Block Assembly for SR-4
STA-1,001-0003,Dual Bal/Unbal Line Amp: -12 to 20 dB Gain 
STA-1M,001-0004,Audio Line Amplifier - Mono: -14 to 14 dB Gain
STA-2A,001-1100,Dual High Gain Line Amplifiers 
ST-ACR1,001-0031,Line-Level Controlled Relay - 0.5 to 5 s Delay
ST-ACR1M,001-0032,Mic-Level Controlled Relay - 0.5 to 5 s Delay
ST-ACR2,001-0033,Line-Level Controlled Relay - 5 to 50 s Delay
ST-CL2,001-1135,Compressor/Limiter - Line Level 
ST-CX2,001-1145,Two Band Active Line-level Crossover
ST-CX2S,001-1147,Subwoofer Crossover Filter
STD-10K,001-0041,Passive Audio Divider/Combiner - 10 k Ohm
STD-150,001-0039,Passive Audio Divider/Combiner - 150 Ohm
STD-600,001-0040,Passive Audio Divider/Combiner - 600 Ohm
ST-DA3,001-0012,Line Level Distribution Amplifier - 1x3 
ST-EQ3,001-0025,3 Band Equalizer - Line Level
ST-FS6,001-1030,Ferrite Suppressor / RF Filter
ST-GCA3,001-1125,Gain Control Amplifier - Line Level 
ST-GLA1,001-1000,Gated Line Amplifier - Noise Gate
ST-GSP1,001-1006,Gated Speech Preamplifier - Mic to Line
ST-HP3,001-1150,300 Hz and 500 Hz High Pass Filter
ST-IC1,001-0131,Intercom Amplifier
ST-LCR1,001-0029,Logic Controlled Relay - Momentary
ST-LCR1H,001-1045,High Power Logic Controlled Relay - 8 A
ST-LCR2,001-0030,Logic Controlled Relay - Latching
ST-LCR3,001-1120,Logic Controlled Relay - Dual Alternate Pulse
ST-LEQ1,001-1020,Loudness Equalizer - Use with VCA  Note: This product is active but Not Recommended for New Designs (NRND); available while supplies last.
STM-1,001-0014,Microphone Preamplifier - 50 dB Gain
STM-2,001-0015,Adjustable Gain Mic Preamp - 35 to 65 dB Gain
STM-2X,001-0100,Switched Mic Preamp - 35 to 65 dB Gain
STM-3,001-0016,High Gain Mic Preamp - 35 to 75 dB Gain
ST-MA2,001-1011,Muting Monitor Amplifier - 2 Watt
STM-DA3,001-0013,Mic Level Distribution Amplifier - 1x3
STM-LDA3,001-1085,Studio Quality Mic Preamp w/phantom - 3 Line Outputs
ST-MPA24,001-1170,Microphone 24 V Phantom Adapter - 2 Channel (Replaces ST-MPA2)
ST-MPA48,001-1165,Microphone 48 V Phantom Adapter - 2 Channel
ST-MX2,001-1075,2 Mic or Line Input Mixer - Mic and Line Out
ST-MX3,001-0008,3 Line Input Mixer - Line Out 
ST-NG1,001-0104,White and Pink Noise Generator
ST-OSC2A,001-0037,Audio Oscillator - 1kHz and 10 kHz
ST-OSC2B,001-0038,Audio Oscillator - 100 Hz and 400 Hz
STP-1,001-0042,Universal Audio Attenuators - 2 Channel
ST-PA18,001-1155,18 Watt 8 Ohm Audio Power Amplifier
ST-PA2,001-0006,Utility Audio Amplifier - 2 Watt
ST-PA6,001-0007,Audio Power Amplifier - 6 Watt
ST-PBR4,001-2125,Mounting Bracket for 4 STICK-ON Modules
ST-PD5U,001-1040,"Power Distributor - Switching - (PS-24AS, PS-24AX, PS-24KS, PS-24KX, PS-24V3, PS-24V3A)"
ST-PH1,001-0019,Stereo Phono Preamplifier 
STR-19A,001-0043,STICK-ON Series Racking System - 12 Modules
STR-19B,001-0130,STICK-ON Series Racking System - 10 Modules
ST-RG1,001-0021,Ramp Generator - 0 to 10 Vdc Output
STR-H6A,001-5552,"10.4"" Rack Mount for 6 STICK-ON Series Products"
ST-RRB1,001-5216,Rear rack rail mounting kit for any STICK-ON module
ST-RX2,001-0169,Audio Routing Switcher - 1x2
ST-SH2,001-1055,Stereo Headphone Amplifier
STS-RF1,001-1200,Shielded Chassis for STICK-ON Module
ST-SSR1,001-0035,Line-Level Audio Switch - 2x1
ST-SX4,001-0036,Unbalanced Audio Switcher - 4x1
ST-TC1,001-0023,Telephone System Coupler - CO Line Simulator
ST-UBA2,001-1035,Unbalanced to Balanced Amplifier - 2 channel
ST-UMX3,001-1105,Universal Audio Mixer - 3 Mic or Line x 1 Mic or Line
ST-VCA3,001-1160,Voltage Controlled Amplifier
ST-VOX1,001-0034,Voice Operated Relay
ST-VP1,001-0024,Voice-Over / Paging Module - Manual
ST-VP2,001-1025,Automatic Ducking Module
TP-BN14,007-7592,Networked Mic Input and Selectable Monitor Station
TP-HA1A,001-4665,Format-A Stereo Headphone Amplifier (Compatible with Guest Room Audio System)
TS-1D,001-0119,Transient Suppressor
TX-10B,001-0071,Bridging Input Transformer
TX-1A,001-0068,Bal. to Unbal. Transformer - Adjustable
TX-1W,001-0101,Music on Hold Amplifier - 1 Watt
TX-70A,001-0069,"25 V, 70 V, 100 V Input Interface - Unbal. Line Out"
TX-8A,001-7125,4 Ohm / 8 Ohm Input Interface - Unbalanced/Balanced Line Out
TX-8i,001-7040,Headphone Isolation Transformer
TX-A2,001-7115,"Audio Converter – Balanced to Unbalanced - Terminals, dual-RCA"
TX-A2D,001-7120,"Dual Audio Converter – Balanced to Unbalanced -Terminals, dual-RCA"
TX-AFC1F,001-7020,"Bal. to Unbal. Audio Transformer - XLR, Phono"
TX-AFC1M,001-7025,"Unbal. to Bal. Audio Transformer - Phono, XLR"
TX-AT1,001-7030,Audio Isolation Transformer - 600 Ohm 1:1
TX-AT1S,001-7035,Audio Isolation Transformer w/ Suppression
TX-AVX,001-7006,Automatic Video Switch - 2x1 - BNC
TX-HRA3,001-5557,"10.4"" Rack Mount for 3 TX Series Products"
TX-J2,001-7045,Unbalanced Input Transformer
TX-J3,001-7048,Unbalanced Input Transformer
TX-LC2,001-7011,Unbalanced to Balanced Line Combiner
TX-LM2,001-0070,Line Level to Mic Level Transformer
TX-MVX,001-7016,Manual Rmt Controlled Video Switch - 2x1 - BNC
TX-MX2R,001-0160,Audio Mixer / Distribution Amplifier
TX-PA40D,001-7100,40 W Stereo Audio Power Amplifier with Power Supply - Includes North American Power Cord
TX-PA40DE,001-7103,40 W Stereo Audio Power Amplifier with Power Supply - Export Model - Excludes Power Cord
TX-PA40DY,001-7104,40 W Stereo Audio Power Amplifier (No Power Supply)
TX-PCR1,001-7105,Paging Controlled Relay
TX-PD8X,001-7130,24 Vdc Switching Power Supply Distributor - 1x8
TX-PSD1,001-7110,Paging Sound Detector
TX-RA5,001-5051,TX Series Racking System - 5 Modules 1RU
TX-RRB1,001-5218,Rear rack rail mounting kit for any TX series module
TX-TP1PW,001-7050,Power Inserter - Twisted Pair - 1 set of outputs - signal loop-through
TX-TP4PW,001-7135,Power Inserter / Signal Breakout - Twisted Pair Format-A
TX-TPR1A,001-7065,Active Single-Pair Receiver - Twisted Pair Format-A  - balanced line output
TX-TPR2A,001-7010,Active Two-Pair Receiver - Twisted Pair Format-A
TX-TPR3A,001-7070,Active Three-Pair Receiver - Twisted Pair Format-A  - balanced line outputs
TX-TPR6A,001-7075,Passive Single-Pair Receiver - Twisted Pair Format-A  - balanced line output
TX-TPS1A,001-7055,Active Single-Pair Sender - Twisted Pair Format-A  - balanced line input
TX-TPS3A,001-7060,Active Three-Pair Sender - Twisted Pair Format-A  - balanced line inputs
TX-TPS6A,001-7080,Passive Single-Pair Sender - Twisted Pair Format-A  - balanced line input
TX-TPSA1A,001-7140,Three Pair Combiner to Single Pair Sender - Twisted Pair Format-A
TX-VCR,001-7000,Video Controlled Relay - BNC
TX-VLA1,001-0165,Video Line Amplifier - Adjustable Gain & EQ
UC-1R,001-5095,Single Wide Enclosure - RACK-UP Mounts
UC-2R,001-5105,Double Wide Enclosure - RACK-UP Mounts
WB-1U,001-5120,Universal Wall Box - Single - Mounts RDL Remotes
WB-2U,001-5125,Universal Wall Box - Double - Mounts RDL Remotes
WDG1R,001-5545,"Table Top Chassis for RU, MAX RU, ST and TX Series"
WH1,001-5036,Warthog™ Power Supply Mount - Surfacemount
WH2,001-5038,Warthog Power Supply Mount - Rackmount
ZCST-LBL,999-0005,"Setup Charge for Custom Labeled Products (Add 1 Part # ZCST-LBL for each custom part # ordered on the same purchase order, regardless of quantity)"
